Date;TempHighF;TempAvgF;TempLowF;DewPointHighF;DewPointAvgF;DewPointLowF;HumidityHighPercent;HumidityAvgPercent;HumidityLowPercent;SeaLevelPressureHighInches;SeaLevelPressureAvgInches;SeaLevelPressureLowInches;VisibilityAvgMiles
21/12/2013;74;60;45;67;49;43;93;75;57;29.86;29.68;29.59;7
22/12/2013;56;48;39;43;36;28;93;68;43;30.41;30.13;29.87;10
23/12/2013;58;45;32;31;27;23;76;52;27;30.56;30.49;30.41;10
24/12/2013;61;46;31;36;28;21;89;56;22;30.56;30.45;30.3;10
25/12/2013;58;50;41;44;40;36;86;71;56;30.41;30.33;30.27;10
26/12/2013;57;48;39;39;36;33;79;63;47;30.47;30.4;30.34;9
27/12/2013;60;53;45;41;39;37;83;65;47;30.46;30.39;30.34;9
28/12/2013;62;51;40;43;39;33;92;64;36;30.33;30.17;30.04;10
29/12/2013;64;50;36;49;41;28;92;76;60;30.31;30.1;29.99;10
30/12/2013;44;40;35;31;26;21;75;60;45;30.44;30.33;30.26;10
31/12/2013;55;46;36;31;28;23;76;54;32;30.49;30.39;30.27;10
1/01/2014;69;54;39;51;42;30;83;68;52;30.25;30.11;30.01;10
2/01/2014;55;44;33;39;26;19;83;55;26;30.49;30.37;30.15;10
3/01/2014;58;43;28;37;22;18;75;49;22;30.48;30.35;30.14;10
4/01/2014;71;57;42;55;48;38;89;68;47;30.12;29.95;29.81;10
5/01/2014;59;47;34;54;32;15;87;59;31;30.48;30.08;29.79;10
6/01/2014;36;29;22;15;8;2;50;38;26;30.8;30.68;30.5;10
7/01/2014;48;35;22;29;11;4;68;43;17;30.66;30.52;30.36;10
8/01/2014;53;47;40;51;45;30;93;75;57;30.33;30.2;30.12;2
9/01/2014;70;62;53;60;55;50;93;80;66;30.18;30.11;30;4
10/01/2014;72;65;57;64;61;54;93;81;68;29.97;29.87;29.75;8
11/01/2014;75;62;48;54;37;20;93;53;13;30.16;30.06;29.87;9
12/01/2014;67;57;46;58;47;33;84;68;52;30.12;30.01;29.9;10
13/01/2014;71;57;43;60;36;17;87;51;14;30.16;30.01;29.86;9
14/01/2014;76;57;37;31;25;20;70;41;12;30.34;30.13;30.01;10
15/01/2014;64;52;40;29;23;16;49;35;21;30.47;30.33;30.17;10
16/01/2014;72;56;40;31;27;23;55;38;20;30.21;30.13;30.06;10
17/01/2014;64;54;43;31;20;15;45;31;17;30.37;30.29;30.21;10
18/01/2014;70;54;37;41;33;23;59;45;31;30.26;30.19;30.1;10
19/01/2014;72;59;45;41;30;18;64;39;14;30.35;30.22;30.12;10
20/01/2014;82;64;46;51;36;23;71;44;17;30.16;30;29.85;10
21/01/2014;63;51;38;28;23;19;59;39;19;30.43;30.31;30.19;10
22/01/2014;70;54;37;39;27;24;70;45;19;30.23;30.11;30.01;10
23/01/2014;56;42;27;42;29;20;78;64;50;30.73;30.47;30.06;8
24/01/2014;40;33;26;22;17;10;81;60;39;30.76;30.63;30.4;9
25/01/2014;70;48;26;38;27;22;85;53;20;30.38;30.19;30.02;10
26/01/2014;76;60;43;45;39;33;76;52;27;30;29.84;29.69;10
27/01/2014;60;47;34;43;23;5;66;44;21;30.28;30.09;29.81;10
28/01/2014;39;33;27;19;14;7;69;48;27;30.51;30.4;30.27;10
29/01/2014;49;38;27;19;13;9;63;42;21;30.52;30.41;30.29;10
30/01/2014;65;48;31;51;36;20;80;64;48;30.26;30.06;29.9;10
31/01/2014;80;68;55;59;54;51;86;64;42;29.96;29.87;29.79;10
1/02/2014;76;66;55;62;59;41;81;71;60;29.91;29.81;29.75;10
2/02/2014;55;45;35;40;33;27;79;69;59;30.27;30.09;29.9;8
3/02/2014;46;40;34;38;33;28;82;74;65;30.28;30.17;29.98;6
4/02/2014;64;53;42;45;41;39;89;68;46;30.11;29.95;29.87;6
5/02/2014;48;40;31;42;26;16;80;60;39;30.5;30.37;30.13;10
6/02/2014;32;29;26;17;15;13;58;54;49;30.57;30.48;30.42;10
7/02/2014;38;34;29;29;24;17;78;68;58;30.41;30.32;30.24;7
8/02/2014;65;51;37;42;36;29;85;63;40;30.26;30.17;30.03;7
9/02/2014;76;59;41;53;45;38;96;70;44;30.12;30.05;29.93;5
10/02/2014;60;48;35;49;36;30;82;74;66;30.23;30.15;30.02;8
11/02/2014;36;35;33;31;29;27;89;80;70;30.3;30.24;30.19;5
12/02/2014;57;45;33;34;29;27;75;57;38;30.27;30.18;30.08;9
13/02/2014;69;51;32;38;34;28;85;58;30;30.11;30.02;29.93;10
14/02/2014;86;67;47;48;37;22;86;51;15;30.08;29.93;29.85;10
15/02/2014;76;59;42;52;35;22;64;43;22;30.17;30.09;30.01;10
16/02/2014;76;68;59;61;57;53;90;74;57;30.08;30.01;29.94;5
17/02/2014;81;70;58;62;50;29;87;52;17;30.12;30.03;29.92;8
18/02/2014;82;69;55;63;53;32;78;55;32;30.1;30;29.89;10
19/02/2014;82;73;63;62;60;59;93;70;47;29.93;29.85;29.72;9
20/02/2014;83;70;57;64;50;27;81;48;15;30.09;29.85;29.71;9
21/02/2014;72;57;41;33;27;22;67;43;19;30.21;30.11;30.03;10
22/02/2014;77;63;48;57;46;30;73;53;32;30.05;29.96;29.87;10
23/02/2014;86;74;62;61;56;44;84;57;29;30.05;29.95;29.88;10
24/02/2014;76;66;55;63;51;43;81;65;49;30.1;30.04;29.99;9
25/02/2014;71;62;52;65;60;47;93;85;77;30.06;30.01;29.95;4
26/02/2014;52;44;36;46;33;21;83;63;43;30.26;30.18;30.06;8
27/02/2014;59;45;31;32;27;21;82;56;29;30.22;30.1;29.94;10
28/02/2014;80;62;44;50;46;35;83;60;37;29.92;29.85;29.75;10
1/03/2014;82;68;53;65;57;48;93;74;54;30.02;29.95;29.87;7
2/03/2014;73;51;28;67;45;20;89;79;69;30.31;30.05;29.88;8
3/03/2014;47;36;24;27;20;12;75;56;37;30.44;30.33;30.25;9
4/03/2014;50;40;30;36;31;26;92;72;52;30.31;30.18;30.06;8
5/03/2014;53;46;38;43;39;35;86;76;66;30.18;30.06;29.99;7
6/03/2014;65;54;43;42;38;35;89;62;34;30.28;30.18;30.08;8
7/03/2014;67;53;39;50;42;36;86;65;44;30.1;29.99;29.88;9
8/03/2014;59;52;44;57;49;39;93;88;83;30.3;30.09;29.9;3
9/03/2014;58;49;39;45;39;31;86;71;55;30.37;30.29;30.22;9
10/03/2014;71;61;50;56;51;45;84;69;53;30.25;30.08;29.94;9
11/03/2014;83;70;56;56;54;52;93;66;39;29.93;29.77;29.58;9
12/03/2014;70;60;49;50;28;16;56;36;16;30.3;30.13;29.73;10
13/03/2014;68;52;37;40;26;20;68;35;21;30.37;30.26;30.12;10
14/03/2014;75;62;49;59;51;43;86;68;49;30.11;30.04;29.95;10
15/03/2014;74;68;62;64;62;59;93;81;68;29.97;29.86;29.68;5
16/03/2014;64;56;48;58;45;32;93;66;39;30.07;29.9;29.7;10
17/03/2014;68;55;41;31;26;20;53;36;18;30.06;29.94;29.78;10
18/03/2014;83;65;47;56;42;31;73;49;24;29.83;29.74;29.67;10
19/03/2014;72;62;51;55;37;28;80;52;24;30.21;30.07;29.88;9
20/03/2014;76;59;42;40;36;31;82;52;21;30.25;30.15;30.04;10
21/03/2014;80;67;54;60;54;41;93;69;45;30.03;29.95;29.83;8
22/03/2014;77;69;61;65;62;51;100;80;60;30.02;29.95;29.88;7
23/03/2014;61;54;47;51;43;36;72;62;51;30.27;30.19;30.05;10
24/03/2014;66;58;50;47;42;38;72;58;44;30.24;30.14;30.03;10
25/03/2014;69;57;44;46;38;31;93;61;28;30.35;30.24;30.14;10
26/03/2014;66;60;54;55;47;30;78;57;36;30.2;30.08;29.95;10
27/03/2014;82;72;61;68;63;56;100;78;55;29.95;29.83;29.73;7
28/03/2014;89;76;63;67;61;49;90;64;37;30;29.79;29.7;8
29/03/2014;77;64;51;48;40;30;68;43;18;30.28;30.18;30.04;10
30/03/2014;79;62;45;51;43;38;83;56;29;30.22;30.13;30.01;10
31/03/2014;85;73;60;62;57;53;90;65;40;30.01;29.93;29.83;10
1/04/2014;86;76;66;67;64;62;93;71;48;29.99;29.92;29.82;8
2/04/2014;82;76;70;69;67;63;97;78;58;29.9;29.8;29.69;9
3/04/2014;82;77;71;69;67;66;90;74;58;29.81;29.74;29.66;8
4/04/2014;74;64;54;69;35;28;93;58;22;30.14;30.03;29.82;10
5/04/2014;65;60;54;46;38;33;60;48;36;30.08;29.99;29.88;10
6/04/2014;61;57;52;51;49;45;96;76;55;29.89;29.81;29.75;7
7/04/2014;72;62;52;51;49;47;93;69;44;30.05;29.92;29.83;9
8/04/2014;77;64;50;50;38;27;96;57;18;30.2;30.14;30.05;10
9/04/2014;84;65;45;51;42;37;77;51;24;30.27;30.17;30.06;10
10/04/2014;87;72;57;59;53;48;90;59;27;30.11;30.01;29.91;10
11/04/2014;85;73;61;61;59;56;90;65;40;30.04;29.98;29.88;10
12/04/2014;85;75;65;63;62;60;87;66;44;29.99;29.91;29.8;10
13/04/2014;78;73;68;68;66;61;90;79;67;29.85;29.76;29.62;9
14/04/2014;73;58;43;69;46;32;90;65;39;30.27;29.96;29.67;8
15/04/2014;65;52;39;32;25;16;59;39;19;30.38;30.27;30.15;10
16/04/2014;73;57;40;48;40;31;76;56;35;30.15;30.06;29.95;10
17/04/2014;67;62;56;61;57;49;97;85;72;30.17;30.09;29.99;7
18/04/2014;78;69;59;61;57;51;93;68;43;30.23;30.17;30.09;6
19/04/2014;78;66;54;56;54;52;93;68;43;30.18;30.12;30.05;9
20/04/2014;75;68;61;63;59;55;97;77;57;30.15;30.1;30.02;8
21/04/2014;84;74;64;65;63;57;93;72;51;30.07;30.01;29.9;9
22/04/2014;87;75;63;63;58;55;87;61;35;30.03;29.96;29.9;10
23/04/2014;87;73;59;64;61;57;90;68;46;29.93;29.85;29.75;10
24/04/2014;88;78;67;66;62;44;87;63;38;29.91;29.82;29.76;10
25/04/2014;88;76;63;64;54;45;68;51;34;30.01;29.92;29.84;10
26/04/2014;86;77;68;69;66;62;90;73;55;29.87;29.78;29.64;6
27/04/2014;96;85;73;70;66;41;87;51;15;29.63;29.55;29.44;6
28/04/2014;93;80;66;69;39;25;67;39;10;29.7;29.61;29.55;10
29/04/2014;84;72;60;46;34;22;60;36;11;29.96;29.77;29.6;10
30/04/2014;75;66;57;38;33;31;42;32;21;30.17;30.08;29.98;10
1/05/2014;77;65;52;43;33;25;63;39;15;30.19;30.12;30.01;10
2/05/2014;83;70;56;40;35;27;51;33;14;30.09;30.02;29.94;10
3/05/2014;94;76;58;42;35;26;44;27;10;30.06;30;29.95;10
4/05/2014;91;76;61;42;37;32;37;27;16;30.09;30.02;29.94;10
5/05/2014;92;76;60;59;56;44;90;61;32;30.01;29.91;29.79;10
6/05/2014;87;76;65;64;62;57;87;66;45;29.87;29.81;29.72;10
7/05/2014;88;79;70;67;64;62;84;65;46;29.88;29.81;29.75;10
8/05/2014;84;79;73;73;70;67;84;75;65;29.87;29.81;29.74;6
9/05/2014;86;76;66;71;68;58;87;69;50;29.96;29.89;29.77;5
10/05/2014;91;76;60;66;62;58;97;71;44;29.92;29.84;29.75;10
11/05/2014;93;83;72;68;67;65;84;63;41;29.84;29.77;29.66;9
12/05/2014;82;72;62;76;70;61;94;87;79;29.95;29.84;29.74;5
13/05/2014;67;61;55;60;54;48;93;73;52;30.25;30.09;29.92;8
14/05/2014;76;64;51;51;43;32;93;57;21;30.29;30.24;30.17;10
15/05/2014;84;65;46;47;41;33;93;55;17;30.3;30.22;30.11;10
16/05/2014;86;74;61;48;43;36;60;40;20;30.14;30.06;29.96;10
17/05/2014;86;73;60;59;55;47;84;58;32;30.02;29.97;29.9;10
18/05/2014;85;74;62;61;59;57;93;67;40;30.09;30.03;29.96;10
19/05/2014;86;76;66;64;61;57;87;65;43;30.07;30;29.94;10
20/05/2014;89;78;67;65;62;59;84;63;42;30.08;30.01;29.96;10
21/05/2014;89;80;70;66;64;61;84;61;38;30.1;30.02;29.96;10
22/05/2014;87;79;70;68;65;61;90;70;50;30.11;30.05;29.96;10
23/05/2014;84;78;71;71;67;62;84;69;54;30.09;30.03;29.96;8
24/05/2014;86;78;70;70;68;66;97;79;61;30.06;29.99;29.89;9
25/05/2014;87;80;72;67;66;63;84;66;48;30.07;29.98;29.89;10
26/05/2014;75;70;64;70;65;61;93;83;73;30.09;30;29.94;8
27/05/2014;73;68;63;67;64;61;93;86;79;30.03;29.95;29.86;6
28/05/2014;84;76;68;68;66;62;97;74;51;29.94;29.88;29.83;7
29/05/2014;89;78;66;65;63;61;93;66;38;29.89;29.85;29.79;10
30/05/2014;94;81;68;67;65;60;84;60;36;29.86;29.82;29.78;10
31/05/2014;93;82;70;69;67;65;84;63;41;29.89;29.85;29.82;10
1/06/2014;88;80;71;71;69;63;93;69;45;29.97;29.9;29.83;8
2/06/2014;91;83;74;71;69;67;87;67;47;29.97;29.91;29.86;10
3/06/2014;90;83;75;72;70;68;82;67;52;30.03;29.96;29.88;10
4/06/2014;91;83;74;71;70;68;87;70;52;29.93;29.86;29.79;10
5/06/2014;91;83;74;72;70;68;87;72;56;29.87;29.82;29.78;10
6/06/2014;92;83;73;71;70;69;87;70;52;29.97;29.88;29.83;10
7/06/2014;92;83;74;72;70;67;93;71;49;29.97;29.89;29.81;10
8/06/2014;90;83;76;72;70;64;87;67;46;29.99;29.88;29.76;10
9/06/2014;86;77;68;75;71;66;91;78;65;29.92;29.81;29.75;8
10/06/2014;92;78;64;70;61;56;97;64;30;29.9;29.85;29.81;10
11/06/2014;94;80;66;73;66;62;87;64;41;29.89;29.83;29.74;10
12/06/2014;92;80;68;74;72;67;79;68;56;29.98;29.82;29.71;9
17/06/2014;92;84;75;72;69;66;88;69;49;30.04;29.99;29.92;10
18/06/2014;92;85;77;75;72;67;91;68;44;30.03;29.96;29.88;9
19/06/2014;91;84;76;74;71;66;88;68;47;30.05;30;29.94;10
20/06/2014;91;83;75;73;71;67;88;69;50;30.11;30.04;29.96;10
21/06/2014;92;84;75;74;72;68;94;72;49;30.07;29.99;29.87;10
22/06/2014;90;83;76;74;72;68;85;70;55;29.96;29.9;29.82;9
23/06/2014;88;78;68;75;72;66;88;75;61;30.04;29.93;29.83;8
24/06/2014;93;84;74;74;72;69;94;72;49;30.05;30;29.94;9
25/06/2014;89;80;71;76;72;68;94;77;59;30.07;30.01;29.92;8
26/06/2014;88;80;71;75;71;69;94;76;57;30.02;29.95;29.85;10
27/06/2014;91;83;75;74;72;70;88;69;49;29.93;29.87;29.79;10
28/06/2014;93;86;78;74;73;71;85;69;52;29.97;29.88;29.83;10
29/06/2014;95;86;77;74;73;70;88;69;49;30.04;29.97;29.91;9
30/06/2014;96;87;77;74;71;67;88;64;39;30.03;29.94;29.86;9
1/07/2014;96;86;75;73;70;66;88;64;39;29.98;29.92;29.87;10
2/07/2014;97;85;73;73;69;64;93;64;35;30.06;30;29.96;10
3/07/2014;96;84;72;71;69;61;93;62;30;30.13;30.08;30.01;10
4/07/2014;93;82;71;70;68;59;93;67;41;30.22;30.15;30.1;10
5/07/2014;94;82;69;71;69;67;93;70;46;30.19;30.12;30.05;10
6/07/2014;95;84;72;73;70;66;100;72;44;30.1;30.03;29.91;8
7/07/2014;96;85;73;70;67;63;87;61;34;30.01;29.97;29.91;10
8/07/2014;98;86;74;73;68;61;93;63;33;30.04;29.99;29.95;10
9/07/2014;98;85;72;72;66;57;90;59;27;30.07;30;29.93;10
10/07/2014;96;84;72;71;68;63;93;64;34;30.11;30.01;29.94;10
11/07/2014;95;83;71;72;67;56;90;60;30;30.15;30.09;30.03;10
12/07/2014;98;85;71;71;66;56;93;59;25;30.19;30.1;30.01;9
13/07/2014;100;87;74;71;67;62;93;63;33;30.09;30.03;29.96;10
14/07/2014;101;88;75;71;67;59;82;55;28;30.03;29.96;29.87;10
15/07/2014;92;83;73;73;71;69;93;71;49;30.01;29.96;29.91;10
16/07/2014;95;84;73;74;71;68;93;68;43;30.03;29.95;29.83;8
17/07/2014;89;82;74;76;74;70;94;77;59;29.92;29.86;29.76;7
18/07/2014;78;75;72;74;71;68;100;87;74;30.01;29.93;29.87;7
19/07/2014;86;78;70;70;68;66;90;76;61;30.03;29.99;29.93;9
20/07/2014;94;84;74;76;72;70;93;73;52;30.04;29.96;29.88;9
21/07/2014;96;87;77;76;73;70;94;70;46;30.05;29.97;29.9;9
22/07/2014;96;86;76;74;72;68;94;68;42;30.08;30.01;29.95;10
23/07/2014;97;86;75;75;71;66;94;66;38;30.05;30;29.94;9
24/07/2014;94;84;74;77;72;68;94;70;46;30.08;29.99;29.9;8
25/07/2014;96;86;75;73;70;66;87;63;39;30.02;29.96;29.89;10
26/07/2014;98;87;76;74;71;67;94;66;38;30.01;29.95;29.88;10
27/07/2014;98;87;75;74;71;65;94;64;33;30.08;30;29.94;10
28/07/2014;99;87;74;73;69;63;93;62;31;30.13;30.05;29.98;10
29/07/2014;97;87;76;72;70;66;87;63;38;30.08;30.03;29.99;10
30/07/2014;96;86;76;72;68;60;87;60;33;30.06;29.97;29.86;10
31/07/2014;97;87;77;73;71;64;85;64;42;30.01;29.94;29.86;10
1/08/2014;91;82;73;67;65;64;74;59;44;30.01;29.98;29.93;10
2/08/2014;90;79;68;68;66;64;93;70;46;30.1;30.02;29.96;10
3/08/2014;94;83;71;69;66;65;84;62;39;30.08;30;29.92;10
4/08/2014;94;83;72;72;69;65;87;66;44;30.06;29.98;29.92;9
5/08/2014;97;85;73;71;68;64;87;61;35;30.06;29.99;29.93;10
6/08/2014;99;88;76;73;68;61;94;64;33;30.06;29.96;29.86;10
7/08/2014;102;90;77;74;71;63;88;59;29;29.99;29.9;29.78;8
8/08/2014;102;89;76;75;70;62;91;60;29;30;29.89;29.82;10
9/08/2014;100;89;77;74;68;62;88;60;31;30;29.94;29.85;10
10/08/2014;101;89;77;74;69;61;88;58;27;30.01;29.96;29.87;10
11/08/2014;102;89;76;75;71;66;91;62;33;30.07;30;29.94;10
12/08/2014;100;87;73;73;66;53;94;62;29;30.05;29.99;29.92;10
13/08/2014;97;83;69;60;57;51;66;45;24;30.06;30.01;29.95;10
14/08/2014;98;84;70;68;61;56;73;50;27;30.03;29.97;29.89;10
15/08/2014;101;88;75;74;69;60;88;58;27;30.05;29.95;29.82;10
16/08/2014;104;91;77;74;69;60;88;57;25;29.95;29.88;29.81;10
17/08/2014;101;90;79;74;71;59;85;56;27;30.02;29.92;29.84;10
18/08/2014;102;90;78;75;71;64;85;59;33;29.99;29.9;29.78;10
19/08/2014;96;87;77;72;68;62;76;55;34;29.93;29.87;29.78;10
20/08/2014;102;90;78;75;71;63;85;57;29;30;29.92;29.83;10
21/08/2014;103;92;80;75;71;61;85;55;25;30.06;29.98;29.91;10
22/08/2014;103;91;79;74;69;59;85;55;25;30.08;29.99;29.91;10
23/08/2014;101;88;75;73;69;62;94;62;29;30.04;29.94;29.84;10
24/08/2014;101;89;77;74;70;62;88;59;29;29.98;29.9;29.81;10
25/08/2014;101;89;76;73;67;60;88;59;29;29.97;29.9;29.81;10
26/08/2014;101;89;77;71;68;62;71;52;33;29.98;29.93;29.89;10
27/08/2014;98;87;76;72;66;56;87;58;29;30.06;29.96;29.88;10
28/08/2014;99;88;76;73;71;68;82;61;40;29.97;29.89;29.81;10
29/08/2014;96;87;77;75;72;67;88;64;39;29.92;29.87;29.77;10
30/08/2014;95;85;74;73;72;66;94;69;44;29.98;29.91;29.83;10
31/08/2014;99;87;74;73;72;68;94;68;42;30.01;29.93;29.85;10
1/09/2014;101;90;78;75;72;65;91;62;33;29.96;29.9;29.8;10
2/09/2014;98;88;78;75;73;68;91;66;40;29.97;29.91;29.84;10
3/09/2014;100;88;76;74;70;62;88;61;33;30.02;29.95;29.88;10
4/09/2014;99;86;73;77;74;67;91;65;38;30.07;30;29.94;8
5/09/2014;97;87;77;75;73;65;91;63;35;30.1;30.02;29.91;10
6/09/2014;97;86;74;75;71;66;94;67;39;30.08;30.01;29.9;10
7/09/2014;89;82;74;74;72;69;100;78;55;30.09;30.04;29.94;8
8/09/2014;96;84;72;71;69;66;100;70;39;30.03;29.97;29.89;10
9/09/2014;97;86;74;73;69;65;87;63;38;29.98;29.9;29.81;10
10/09/2014;99;88;77;73;71;66;88;63;38;29.9;29.83;29.75;10
11/09/2014;99;89;78;75;71;64;85;60;35;29.97;29.89;29.81;10
12/09/2014;96;81;66;74;70;62;94;67;39;30.15;30;29.91;9
13/09/2014;66;63;60;63;60;57;100;92;84;30.24;30.19;30.1;5
14/09/2014;77;71;64;67;64;62;100;87;73;30.23;30.16;30.1;8
15/09/2014;88;79;69;70;68;67;97;76;55;30.13;30.09;30.02;9
16/09/2014;94;84;74;74;72;69;94;70;46;30.07;30.01;29.9;10
17/09/2014;91;83;75;75;74;71;94;75;56;30.02;29.93;29.81;9
18/09/2014;90;81;72;75;73;70;100;78;56;29.93;29.88;29.79;7
19/09/2014;86;80;74;75;74;71;100;85;69;29.95;29.89;29.84;8
20/09/2014;90;82;74;75;73;70;100;78;55;30;29.94;29.88;9
21/09/2014;90;81;72;73;70;64;94;71;47;30.06;30.01;29.96;10
22/09/2014;91;81;70;70;68;66;90;69;47;30.12;30.07;30.01;10
23/09/2014;85;76;67;66;58;55;74;57;40;30.15;30.09;30.04;10
24/09/2014;84;72;60;60;56;51;90;64;37;30.16;30.1;30.07;10
25/09/2014;83;73;62;66;62;57;90;74;58;30.14;30.1;30.07;10
26/09/2014;85;76;66;67;64;63;87;71;54;30.15;30.06;29.99;10
27/09/2014;80;74;68;69;66;64;93;78;62;30.05;30;29.95;10
28/09/2014;88;77;66;67;65;62;100;72;43;30.04;29.98;29.92;8
29/09/2014;89;78;67;68;64;61;93;68;43;29.99;29.92;29.87;10
30/09/2014;90;78;65;70;65;63;93;70;47;29.88;29.83;29.75;10
1/10/2014;92;84;76;73;70;63;88;68;47;29.87;29.79;29.72;10
2/10/2014;92;84;76;75;72;59;91;72;52;29.93;29.82;29.75;9
3/10/2014;85;75;65;59;51;45;63;44;25;30.19;30.06;29.94;10
4/10/2014;80;70;59;53;48;41;72;51;29;30.23;30.12;29.98;10
5/10/2014;87;75;62;67;62;56;93;69;44;29.98;29.9;29.79;10
6/10/2014;89;81;72;71;69;66;93;73;53;29.93;29.86;29.82;10
7/10/2014;94;83;72;73;70;64;93;67;41;29.99;29.92;29.86;9
8/10/2014;90;82;74;72;70;65;93;70;46;30.06;29.98;29.9;10
9/10/2014;92;84;75;73;71;66;94;69;44;30.01;29.93;29.83;10
10/10/2014;92;84;75;73;70;65;87;66;44;29.95;29.89;29.81;10
11/10/2014;78;69;59;72;62;55;97;85;73;30.12;30.04;29.88;7
12/10/2014;77;69;61;72;63;55;93;86;78;30.04;29.88;29.72;9
13/10/2014;76;69;61;72;59;46;87;63;38;30.04;29.8;29.65;10
14/10/2014;80;66;51;48;43;37;77;49;21;30.17;30.09;30.03;10
15/10/2014;88;72;56;51;46;40;72;46;20;30.13;30.06;29.99;10
16/10/2014;86;72;57;54;49;44;72;50;27;30;29.94;29.87;10
17/10/2014;87;74;61;64;60;54;97;69;40;29.95;29.9;29.86;10
18/10/2014;86;76;66;69;64;60;90;67;44;30.06;30;29.93;10
19/10/2014;82;74;65;66;63;61;93;74;54;30.12;30.06;30;10
20/10/2014;82;73;63;64;61;58;100;73;45;30.08;30.02;29.98;9
21/10/2014;83;71;58;61;55;46;93;61;28;30.09;30.03;29.98;9
22/10/2014;83;72;61;62;59;56;84;67;49;30.12;30.06;30.03;10
23/10/2014;83;75;66;62;59;57;81;64;46;30.14;30.09;30.04;10
24/10/2014;85;73;60;61;59;56;84;64;44;30.17;30.12;30.06;10
25/10/2014;88;75;62;61;59;57;84;62;39;30.17;30.11;30.06;10
26/10/2014;86;74;61;61;58;52;90;62;34;30.06;29.98;29.9;10
27/10/2014;86;74;62;65;61;58;93;67;40;29.94;29.89;29.81;10
28/10/2014;84;75;65;68;65;63;93;74;55;30.06;29.99;29.89;10
29/10/2014;81;73;65;63;62;60;81;68;54;30.16;30.1;30.06;10
30/10/2014;82;73;63;61;59;54;93;72;51;30.18;30.1;30.03;10
31/10/2014;76;66;56;61;49;39;93;60;27;30.32;30.22;30.11;9
1/11/2014;68;58;47;43;39;37;71;54;37;30.43;30.34;30.28;10
2/11/2014;75;62;48;52;45;39;80;61;41;30.34;30.26;30.18;10
3/11/2014;76;68;59;63;59;52;84;72;60;30.18;30.12;30.07;10
4/11/2014;75;67;58;69;63;57;100;87;73;30.18;30.09;30.01;8
5/11/2014;59;57;55;58;56;54;100;97;93;30.23;30.16;30.08;6
6/11/2014;63;59;55;56;51;46;93;75;56;30.35;30.28;30.22;10
7/11/2014;71;60;48;49;41;34;80;53;26;30.3;30.19;30.06;10
8/11/2014;75;62;48;52;47;41;93;67;41;30.18;30.1;30.04;10
9/11/2014;74;61;47;45;43;40;86;59;31;30.19;30.07;29.92;10
10/11/2014;76;63;49;61;53;43;93;70;46;29.92;29.83;29.74;10
11/11/2014;65;54;42;62;41;29;93;67;40;30.23;30.03;29.78;10
12/11/2014;51;44;36;29;23;16;64;50;36;30.46;30.34;30.25;10
13/11/2014;41;36;31;17;13;9;58;43;27;30.58;30.52;30.46;10
14/11/2014;45;38;30;23;17;12;58;44;30;30.5;30.4;30.3;10
15/11/2014;48;44;40;47;39;23;100;72;43;30.28;30.14;30.03;5
16/11/2014;50;42;34;49;45;28;100;91;82;30.25;30;29.92;4
17/11/2014;53;42;30;27;21;14;82;52;22;30.5;30.4;30.25;10
18/11/2014;56;43;30;27;23;19;78;51;24;30.57;30.48;30.42;10
19/11/2014;69;51;33;45;38;23;86;64;42;30.4;30.27;30.17;10
20/11/2014;70;57;44;63;57;43;100;85;70;30.17;30.08;30.02;8
21/11/2014;74;68;62;69;65;62;100;90;79;30.12;30.05;29.99;6
22/11/2014;67;63;58;64;62;56;100;97;93;30.07;29.86;29.7;6
23/11/2014;81;67;53;57;48;39;100;62;23;29.84;29.64;29.51;10
24/11/2014;66;53;40;39;32;19;76;47;18;30.2;30.06;29.88;10
25/11/2014;67;53;38;38;33;25;85;53;20;30.37;30.26;30.2;10
26/11/2014;77;60;42;37;33;27;62;40;18;30.36;30.22;30.14;10
27/11/2014;64;53;42;37;33;27;76;52;27;30.56;30.45;30.37;10
28/11/2014;72;57;42;54;45;35;82;62;41;30.38;30.24;30.09;10
29/11/2014;73;65;56;61;57;52;93;75;57;30.07;30.02;29.95;10
30/11/2014;79;72;64;63;62;59;87;71;54;30.11;30.03;29.97;10
1/12/2014;66;54;41;63;42;22;93;69;45;30.47;30.31;30.11;10
2/12/2014;50;45;39;43;32;24;80;63;45;30.45;30.33;30.21;10
3/12/2014;59;54;48;55;50;43;100;88;75;30.23;30.18;30.14;7
4/12/2014;66;62;58;65;61;55;100;94;87;30.2;30.11;30.04;3
5/12/2014;75;69;63;66;64;59;100;82;64;30.18;30.08;30.03;8
6/12/2014;69;62;55;58;51;48;90;72;53;30.38;30.32;30.19;10
7/12/2014;56;54;52;50;48;46;89;83;77;30.4;30.33;30.27;10
8/12/2014;67;58;49;49;46;45;86;69;52;30.39;30.32;30.27;10
9/12/2014;69;56;43;49;45;42;100;70;39;30.38;30.31;30.24;8
10/12/2014;66;57;47;57;50;45;93;75;56;30.27;30.2;30.15;9
11/12/2014;67;62;57;59;57;55;97;85;73;30.24;30.18;30.14;7
12/12/2014;71;65;59;58;57;56;90;78;66;30.3;30.23;30.18;10
13/12/2014;74;65;55;59;57;54;100;79;57;30.24;30.15;30.06;9
14/12/2014;74;68;61;64;62;59;100;82;64;30.07;29.94;29.84;9
15/12/2014;74;63;52;64;51;32;93;58;23;30.2;29.99;29.89;10
16/12/2014;63;55;46;36;34;32;60;47;34;30.37;30.28;30.19;10
17/12/2014;53;51;48;51;44;35;96;75;54;30.27;30.14;30.05;8
18/12/2014;60;55;49;56;51;48;100;92;84;30.14;30.1;30.06;4
19/12/2014;57;53;48;50;48;44;100;89;77;30.21;30.12;30.06;7
20/12/2014;54;52;49;47;45;44;86;82;72;30.27;30.21;30.15;9
21/12/2014;56;53;50;52;49;46;93;83;72;30.18;30.02;29.85;9
22/12/2014;77;67;56;56;52;43;93;63;33;29.83;29.7;29.6;10
23/12/2014;59;51;43;44;40;34;77;66;55;30.02;29.81;29.63;10
24/12/2014;57;46;35;35;32;30;85;62;38;30.16;30.11;30.03;10
25/12/2014;65;49;33;47;33;28;96;61;26;30.12;30.05;29.97;10
26/12/2014;74;64;53;63;57;48;100;83;66;29.97;29.93;29.86;9
27/12/2014;66;54;41;63;49;32;93;79;65;30.29;30.09;29.92;8
28/12/2014;47;40;32;34;30;26;92;71;49;30.33;30.25;30.19;10
29/12/2014;67;49;30;42;36;29;92;68;43;30.21;30.14;30.06;10
30/12/2014;46;43;39;43;40;32;100;87;73;30.51;30.36;30.21;6
31/12/2014;42;39;36;31;29;27;76;70;64;30.57;30.48;30.41;10
1/01/2015;40;37;34;39;35;29;100;82;64;30.38;30.25;30.15;3
2/01/2015;43;41;38;41;39;37;100;95;89;30.19;30.08;29.96;4
3/01/2015;62;51;39;43;40;38;100;74;48;30.13;29.99;29.92;8
4/01/2015;51;43;35;41;30;22;100;69;38;30.69;30.48;30.16;10
5/01/2015;52;41;29;28;23;20;75;54;32;30.73;30.6;30.45;10
6/01/2015;71;54;36;37;32;28;76;50;23;30.46;30.38;30.3;10
7/01/2015;51;41;30;38;27;8;76;54;32;30.8;30.58;30.34;10
8/01/2015;36;30;23;23;12;5;56;48;39;30.79;30.54;30.3;10
9/01/2015;38;36;34;32;26;21;70;62;54;30.58;30.48;30.31;10
10/01/2015;36;34;32;34;31;19;100;76;52;30.56;30.42;30.31;4
11/01/2015;49;42;34;45;39;33;100;90;80;30.3;30.21;30.1;7
12/01/2015;46;43;40;45;41;36;100;88;76;30.44;30.28;30.15;5
13/01/2015;42;39;35;37;33;31;92;83;73;30.52;30.43;30.38;7
14/01/2015;40;39;38;38;36;34;92;86;79;30.41;30.33;30.26;4
15/01/2015;59;49;38;38;36;34;92;68;43;30.4;30.33;30.29;9
16/01/2015;64;51;38;41;38;35;92;64;36;30.4;30.29;30.18;10
17/01/2015;69;54;39;46;40;33;92;63;34;30.26;30.13;30.03;10
18/01/2015;72;59;46;34;30;26;53;37;20;30.38;30.28;30.2;10
19/01/2015;75;56;37;47;41;29;85;59;33;30.18;30.04;29.94;10
20/01/2015;80;61;41;51;44;39;89;59;28;30.04;29.94;29.85;10
21/01/2015;56;53;50;53;50;42;96;84;71;30.15;30.07;30.03;5
22/01/2015;52;47;41;51;46;38;100;91;82;30.27;30.07;29.98;4
23/01/2015;51;45;38;42;38;35;93;77;61;30.32;30.26;30.2;8
24/01/2015;63;50;36;41;36;31;92;62;32;30.28;30.2;30.09;10
25/01/2015;73;57;40;40;34;29;85;53;20;30.2;30.11;30.02;10
26/01/2015;74;60;46;43;37;32;61;43;25;30.29;30.21;30.15;10
27/01/2015;83;67;51;45;40;36;71;47;23;30.21;30.15;30.1;10
28/01/2015;81;62;42;49;42;37;96;60;23;30.18;30.12;30.06;10
29/01/2015;79;66;52;55;49;34;100;68;35;30.39;30.22;30.12;10
30/01/2015;58;53;48;39;36;33;63;52;40;30.46;30.37;30.28;10
31/01/2015;62;56;49;61;51;37;100;80;59;30.26;30.04;29.9;5
1/02/2015;73;59;44;61;54;30;100;77;53;30.27;29.98;29.88;8
2/02/2015;49;41;33;30;24;19;62;48;34;30.43;30.35;30.28;10
3/02/2015;43;42;40;42;37;28;96;76;55;30.36;30.27;30.21;6
4/02/2015;55;49;42;50;45;41;100;92;83;30.21;30.13;30.03;5
5/02/2015;52;45;38;48;35;31;92;77;62;30.48;30.38;30.22;10
6/02/2015;60;49;37;42;38;33;86;69;51;30.46;30.37;30.25;10
7/02/2015;69;55;40;53;46;39;93;71;49;30.22;30.08;29.98;8
8/02/2015;78;68;58;57;56;50;93;72;50;30;29.9;29.81;10
9/02/2015;83;68;52;50;44;38;77;49;20;30.14;30.07;30.01;10
10/02/2015;81;64;46;49;44;40;86;57;28;30.07;29.99;29.92;10
11/02/2015;78;65;51;53;49;40;100;64;27;30.2;30.03;29.95;7
12/02/2015;62;53;44;40;34;31;65;51;36;30.42;30.35;30.23;10
13/02/2015;70;55;39;44;38;32;79;58;37;30.38;30.31;30.22;10
14/02/2015;78;63;48;53;47;43;86;60;33;30.29;30.22;30.13;10
15/02/2015;68;63;57;62;58;52;87;80;73;30.15;30.02;29.88;10
16/02/2015;66;51;36;61;39;28;93;79;64;30.24;30.03;29.83;8
17/02/2015;55;45;34;33;27;23;82;59;35;30.34;30.25;30.17;10
18/02/2015;66;49;32;34;29;25;89;56;22;30.39;30.31;30.25;10
19/02/2015;70;54;38;49;40;31;85;61;37;30.38;30.25;30.08;10
20/02/2015;75;65;54;60;56;49;86;72;57;30.08;29.92;29.77;10
21/02/2015;78;67;55;61;56;45;87;69;50;30.02;29.88;29.8;10
22/02/2015;56;47;37;52;44;33;93;80;66;30.41;30.14;29.95;8
23/02/2015;37;34;30;32;29;26;92;87;82;30.54;30.45;30.4;7
24/02/2015;37;34;30;34;29;26;92;84;76;30.41;30.24;30.02;8
25/02/2015;63;49;35;36;34;28;100;64;27;30.03;29.94;29.82;8
26/02/2015;52;43;33;37;31;21;96;74;52;30.4;30.19;29.93;10
27/02/2015;36;34;31;30;25;19;92;72;52;30.45;30.38;30.32;8
28/02/2015;36;34;31;34;31;26;100;93;85;30.38;30.31;30.26;5
1/03/2015;43;39;35;41;38;34;100;95;89;30.36;30.29;30.22;4
2/03/2015;45;42;38;42;40;37;100;95;89;30.38;30.28;30.18;5
3/03/2015;63;52;41;59;49;41;100;95;90;30.15;29.98;29.85;2
4/03/2015;70;52;34;67;56;32;100;95;89;30.28;29.9;29.8;4
5/03/2015;47;39;31;32;25;18;89;61;33;30.64;30.45;30.21;9
6/03/2015;57;42;26;29;23;19;81;54;27;30.66;30.56;30.49;10
7/03/2015;60;49;38;37;30;24;82;56;29;30.5;30.4;30.27;10
8/03/2015;54;51;47;51;48;37;100;69;38;30.29;30.17;30.06;3
9/03/2015;55;52;49;52;49;48;100;97;93;30.06;29.96;29.88;5
10/03/2015;63;57;50;52;50;49;96;78;60;30.15;30.04;29.96;10
11/03/2015;59;57;54;51;50;49;86;79;72;30.26;30.2;30.14;10
12/03/2015;73;63;52;55;52;49;96;73;49;30.19;30.1;29.99;10
13/03/2015;78;66;53;54;52;46;100;68;36;30.06;30;29.94;8
14/03/2015;78;66;53;53;49;44;89;61;33;30.21;30.1;30.02;10
15/03/2015;69;60;51;54;51;48;89;72;55;30.32;30.26;30.2;10
16/03/2015;77;65;52;62;56;51;100;73;46;30.28;30.21;30.14;9
17/03/2015;77;70;63;66;63;61;100;82;64;30.18;30.11;30.02;8
18/03/2015;81;71;60;65;61;58;93;74;54;30.06;29.99;29.9;10
19/03/2015;83;73;63;66;64;61;100;79;58;30;29.95;29.88;8
20/03/2015;71;64;57;67;61;55;93;89;84;30.15;30.09;29.98;6
21/03/2015;61;58;55;58;56;54;100;95;90;30.15;30.08;30.01;7
22/03/2015;78;68;57;59;57;55;100;75;50;30.08;30.03;29.96;10
23/03/2015;80;66;52;59;56;51;100;73;45;30.13;30.06;29.99;10
24/03/2015;83;71;59;62;60;57;97;72;47;30.04;29.97;29.88;10
25/03/2015;84;73;62;63;61;59;93;72;51;29.98;29.91;29.84;10
26/03/2015;70;62;54;65;48;33;93;62;31;30.19;30.03;29.86;9
27/03/2015;82;64;46;44;36;29;71;44;16;30.2;30.15;30.08;10
28/03/2015;84;66;48;49;44;40;86;54;22;30.14;30.08;30;10
29/03/2015;84;71;57;60;56;50;93;67;40;30.11;30.06;29.99;10
30/03/2015;80;72;64;64;62;60;93;76;58;30.18;30.11;30.03;10
31/03/2015;82;74;66;66;62;59;93;74;54;30.09;30;29.91;10
1/04/2015;83;76;68;67;65;61;90;71;51;29.98;29.92;29.83;9
2/04/2015;84;76;68;68;66;63;90;76;62;29.97;29.9;29.85;8
3/04/2015;86;76;66;68;62;48;90;67;43;30.18;29.98;29.89;8
4/04/2015;69;63;56;48;44;37;61;53;44;30.33;30.24;30.17;10
5/04/2015;69;64;59;64;59;48;100;78;56;30.15;30;29.9;5
6/04/2015;85;75;65;67;65;64;100;76;51;30.01;29.94;29.86;8
7/04/2015;87;78;68;67;65;62;90;71;51;30.03;29.96;29.87;10
8/04/2015;79;74;69;69;67;65;90;81;71;30;29.92;29.83;9
9/04/2015;87;79;70;71;67;65;90;73;55;29.93;29.86;29.75;9
10/04/2015;74;65;56;68;53;47;93;70;47;30.2;30.08;29.95;10
11/04/2015;70;65;59;66;62;53;100;86;72;30.12;30.04;29.96;5
12/04/2015;82;75;67;69;67;65;100;81;62;29.99;29.91;29.78;5
13/04/2015;87;76;64;70;65;54;100;67;34;29.98;29.86;29.79;8
14/04/2015;77;67;57;61;55;49;87;67;46;30.11;30.04;29.96;10
15/04/2015;83;69;54;65;56;50;93;69;45;30.04;29.97;29.88;10
16/04/2015;81;74;67;70;66;64;93;78;62;29.98;29.91;29.82;9
17/04/2015;75;71;66;70;65;61;93;81;69;29.98;29.92;29.85;8
18/04/2015;77;66;54;66;63;53;100;82;64;29.94;29.87;29.75;8
19/04/2015;89;73;57;69;58;39;100;60;20;29.86;29.8;29.72;7
20/04/2015;73;64;54;48;43;36;64;48;32;30.05;29.98;29.89;10
21/04/2015;81;66;51;63;53;47;89;66;43;30.02;29.95;29.88;10
22/04/2015;81;74;67;68;65;63;93;79;64;29.95;29.89;29.81;10
23/04/2015;85;77;68;72;69;66;100;85;69;29.94;29.87;29.82;8
24/04/2015;85;77;69;74;72;69;100;85;69;29.92;29.82;29.67;6
25/04/2015;93;82;70;73;64;46;100;61;21;29.83;29.74;29.65;7
26/04/2015;86;78;69;72;69;63;93;77;61;29.76;29.65;29.52;8
27/04/2015;85;74;63;70;62;52;100;66;32;29.8;29.68;29.54;9
28/04/2015;65;59;53;59;52;47;84;74;64;30.12;29.98;29.82;10
29/04/2015;77;63;49;48;45;41;93;61;29;30.13;30.05;29.96;10
30/04/2015;83;67;50;51;49;47;89;60;31;30.05;29.99;29.92;10
1/05/2015;84;70;55;56;52;50;86;60;33;30.07;30.02;29.98;10
2/05/2015;83;71;58;55;53;51;80;58;36;30.08;30.02;29.96;10
3/05/2015;84;71;58;62;58;55;93;67;40;30.03;29.98;29.93;10
4/05/2015;84;75;66;66;63;59;93;71;49;30.1;30.02;29.96;10
5/05/2015;83;75;66;70;67;62;100;77;54;30.01;29.95;29.86;6
6/05/2015;87;79;71;71;69;68;93;74;55;29.97;29.91;29.81;8
7/05/2015;83;78;73;73;71;69;87;81;74;29.94;29.87;29.8;9
8/05/2015;79;76;73;75;73;70;93;88;82;29.93;29.87;29.78;5
9/05/2015;85;79;72;73;71;69;93;79;65;29.89;29.82;29.74;7
10/05/2015;87;82;76;72;71;69;87;71;55;29.86;29.8;29.74;9
11/05/2015;79;74;68;73;67;61;94;78;62;30.11;29.99;29.84;7
12/05/2015;69;67;65;67;65;63;100;91;81;30.2;30.14;30.05;8
13/05/2015;70;67;64;70;66;64;100;97;93;30.15;30.08;30.01;5
14/05/2015;87;78;68;74;71;66;100;83;65;30.1;30.03;29.94;6
15/05/2015;77;72;67;71;68;65;100;87;74;30.04;29.95;29.86;8
16/05/2015;87;77;67;73;70;65;97;79;61;29.91;29.85;29.77;9
17/05/2015;84;75;66;72;68;65;100;83;65;30.05;29.94;29.8;6
18/05/2015;88;81;73;75;72;70;93;77;61;30.1;30.03;29.95;9
19/05/2015;89;82;74;75;72;69;87;73;59;30.06;29.99;29.86;8
20/05/2015;89;81;72;76;72;70;94;75;56;30.01;29.94;29.87;8
21/05/2015;76;69;62;74;63;59;94;84;73;30.13;30.08;29.94;10
22/05/2015;77;70;62;71;67;61;100;91;82;30.13;30.08;30.02;6
23/05/2015;87;77;66;74;71;66;100;83;65;30.11;30.02;29.9;6
24/05/2015;82;73;64;70;68;63;93;81;69;29.95;29.89;29.81;10
25/05/2015;82;74;66;74;69;66;100;87;74;29.92;29.84;29.75;7
26/05/2015;89;78;66;75;69;64;100;80;59;30.02;29.95;29.88;6
27/05/2015;85;76;67;75;70;64;94;82;69;30.1;30.03;29.95;9
28/05/2015;87;78;69;79;73;70;94;80;65;30.08;30.01;29.87;8
29/05/2015;89;77;64;73;66;63;100;76;51;30.03;29.95;29.81;8
30/05/2015;88;79;70;70;68;64;93;74;55;30.07;30;29.94;10
31/05/2015;86;77;67;67;64;61;90;67;44;30.14;30.06;30;10
1/06/2015;88;76;64;66;65;63;93;70;46;30.08;30.03;29.99;10
2/06/2015;90;79;67;70;66;64;93;70;46;30.03;29.96;29.89;10
3/06/2015;89;78;67;70;66;64;90;69;47;29.98;29.91;29.85;10
4/06/2015;88;78;68;70;66;63;90;68;45;30;29.95;29.9;10
5/06/2015;90;80;69;72;68;66;97;72;47;30.08;30;29.95;10
6/06/2015;90;80;70;70;67;64;97;72;46;30.01;29.97;29.91;10
7/06/2015;91;81;70;70;67;64;97;71;44;29.98;29.94;29.89;10
8/06/2015;93;82;71;71;68;64;93;67;41;29.99;29.95;29.89;10
9/06/2015;95;84;72;70;67;61;87;60;33;29.95;29.89;29.81;10
10/06/2015;93;83;72;70;68;66;79;62;44;29.87;29.83;29.76;10
11/06/2015;94;84;73;72;70;69;93;71;49;29.88;29.8;29.73;10
12/06/2015;93;84;75;75;73;71;88;70;52;29.87;29.82;29.76;10
13/06/2015;95;85;75;74;72;69;94;70;46;29.9;29.84;29.78;10
14/06/2015;86;79;72;76;73;71;100;87;74;29.94;29.89;29.84;8
15/06/2015;89;82;74;76;73;69;100;78;55;29.98;29.93;29.84;9
16/06/2015;83;78;73;75;73;70;94;84;74;29.96;29.9;29.78;8
17/06/2015;89;81;72;77;74;71;100;83;65;29.94;29.85;29.73;7
18/06/2015;90;82;73;75;73;70;100;82;64;30.02;29.95;29.89;10
19/06/2015;84;78;71;76;73;70;94;87;79;30.1;30.02;29.96;8
20/06/2015;83;78;72;77;73;70;100;90;79;30.07;30.02;29.96;8
21/06/2015;86;79;72;78;75;70;100;85;70;30.08;30.03;29.98;7
22/06/2015;89;81;72;77;74;71;100;84;68;30.11;30.06;30.02;9
23/06/2015;92;84;75;76;73;71;94;73;52;30.18;30.1;30.04;10
24/06/2015;92;83;74;74;73;70;100;78;56;30.19;30.12;30.04;10
25/06/2015;93;83;73;74;72;70;100;76;52;30.13;30.06;29.96;10
26/06/2015;93;85;76;74;73;70;94;73;52;30.05;29.98;29.89;10
27/06/2015;91;83;74;75;73;70;94;75;56;30.05;29.99;29.95;10
28/06/2015;91;82;73;75;73;70;94;73;52;30.06;30;29.94;9
29/06/2015;93;84;74;74;72;70;100;75;49;30.02;29.97;29.9;9
30/06/2015;94;84;73;76;73;71;100;76;52;30.08;30.01;29.94;7
1/07/2015;91;81;71;75;71;69;93;78;63;30.07;30.01;29.97;10
2/07/2015;91;81;70;73;71;69;100;78;56;30.04;29.98;29.91;10
3/07/2015;91;84;76;74;72;69;88;69;49;30.03;29.96;29.89;9
4/07/2015;92;84;76;74;73;72;94;73;52;30.03;29.98;29.9;10
5/07/2015;91;84;76;75;73;71;94;75;56;30.08;30;29.91;10
6/07/2015;91;84;77;74;72;69;88;72;55;30.07;29.99;29.89;9
7/07/2015;91;85;78;75;73;70;85;71;56;30.02;29.95;29.9;10
8/07/2015;91;85;78;74;72;69;85;69;52;30.04;29.98;29.93;9
9/07/2015;93;85;76;74;71;66;88;65;41;30.09;30.03;29.97;9
10/07/2015;94;84;74;74;70;64;94;68;41;30.13;30.06;29.99;9
11/07/2015;93;83;73;73;70;66;94;69;44;30.16;30.1;30.05;10
12/07/2015;94;84;74;73;71;68;87;67;46;30.13;30.05;29.97;10
13/07/2015;96;86;75;73;71;68;94;69;43;30.01;29.93;29.83;10
14/07/2015;97;86;74;72;69;62;87;61;34;29.94;29.87;29.81;10
15/07/2015;95;85;75;72;70;66;87;64;41;29.99;29.91;29.84;10
16/07/2015;95;85;74;72;70;67;93;69;44;30.02;29.95;29.87;10
17/07/2015;96;86;76;74;72;69;88;66;43;30.02;29.94;29.84;10
18/07/2015;98;88;77;74;72;69;88;65;42;29.99;29.96;29.91;10
19/07/2015;97;87;76;74;72;68;88;65;42;30.05;29.97;29.9;10
20/07/2015;97;86;74;73;71;67;94;66;38;30.02;29.93;29.83;10
21/07/2015;97;86;75;73;71;66;94;66;38;29.95;29.88;29.79;10
22/07/2015;97;87;77;74;72;68;85;64;42;29.95;29.89;29.81;10
23/07/2015;99;88;77;73;70;65;88;62;35;30.03;29.95;29.88;10
24/07/2015;99;88;77;74;71;68;85;62;38;30.07;29.98;29.89;10
25/07/2015;98;87;75;73;70;66;94;66;38;30.03;29.95;29.84;10
26/07/2015;98;87;76;75;72;68;94;67;40;29.95;29.89;29.82;9
27/07/2015;100;89;77;75;72;66;88;62;35;29.98;29.9;29.81;9
28/07/2015;100;89;77;75;71;65;91;63;35;30;29.93;29.86;9
29/07/2015;101;89;76;74;71;65;88;61;33;30.06;29.99;29.93;10
30/07/2015;101;88;75;71;66;60;82;55;27;30.06;30.01;29.94;10
31/07/2015;102;90;78;70;68;62;69;52;35;30.01;29.97;29.88;10
1/08/2015;99;86;73;64;61;56;68;47;25;30.01;29.94;29.88;10
2/08/2015;100;88;75;66;61;58;69;48;26;29.93;29.88;29.81;10
3/08/2015;99;87;75;69;64;60;79;54;29;29.9;29.86;29.82;10
4/08/2015;100;89;77;74;70;66;88;62;35;30;29.9;29.85;10
5/08/2015;101;90;78;75;71;64;85;59;33;30.02;29.93;29.85;10
6/08/2015;102;90;77;73;71;65;85;59;33;30;29.89;29.8;10
7/08/2015;101;89;76;73;70;66;88;61;33;29.95;29.87;29.79;10
8/08/2015;103;90;76;73;73;72;100;66;31;29.86;29.86;29.85;10
12/08/2015;105;92;79;69;68;66;55;43;31;30.01;29.95;29.91;10
13/08/2015;104;91;78;70;67;63;74;51;27;30;29.94;29.88;10
14/08/2015;101;90;78;74;69;65;85;58;31;30.01;29.95;29.89;10
15/08/2015;98;89;79;73;66;56;74;54;33;30.04;29.96;29.88;10
16/08/2015;98;87;75;70;67;61;82;58;33;29.99;29.93;29.86;10
17/08/2015;98;86;74;71;68;64;87;61;35;29.97;29.91;29.82;10
18/08/2015;99;88;76;73;70;65;88;62;35;29.93;29.84;29.7;10
19/08/2015;99;89;78;74;72;67;85;62;39;29.87;29.8;29.72;10
20/08/2015;84;79;73;74;71;66;94;78;62;30.01;29.94;29.86;8
21/08/2015;92;82;72;74;71;67;93;73;52;30.03;29.96;29.86;9
22/08/2015;99;87;75;75;73;65;94;65;35;29.98;29.92;29.82;10
23/08/2015;101;89;76;76;72;65;94;64;33;30.05;29.97;29.91;10
24/08/2015;101;89;76;73;68;62;87;58;29;30.07;30;29.94;10
25/08/2015;101;89;77;71;68;65;79;56;33;30.06;30.01;29.97;10
26/08/2015;98;86;73;71;68;64;87;62;36;30.12;30.05;29.99;10
27/08/2015;98;86;74;72;64;56;87;56;25;30.07;30.01;29.94;10
28/08/2015;98;85;72;65;60;57;73;50;27;29.99;29.95;29.89;10
29/08/2015;95;83;71;65;63;60;79;55;31;30.04;29.98;29.93;10
30/08/2015;96;86;75;67;65;62;74;55;36;30.02;29.97;29.91;10
31/08/2015;97;86;74;72;67;61;87;59;30;30.06;29.97;29.9;10
1/09/2015;94;84;74;72;69;63;87;64;41;30.07;30;29.92;10
2/09/2015;95;83;71;70;67;64;90;65;39;30.08;30.01;29.89;10
3/09/2015;94;84;73;71;69;65;87;64;41;29.99;29.92;29.81;10
4/09/2015;100;88;75;74;72;66;88;62;35;29.97;29.91;29.83;10
5/09/2015;101;90;79;77;73;66;91;62;33;30.03;29.95;29.88;10
6/09/2015;100;88;76;75;71;65;94;63;31;30.05;29.95;29.85;10
7/09/2015;100;88;76;74;70;64;88;61;33;29.98;29.91;29.83;10
8/09/2015;99;88;76;74;71;65;88;61;33;29.97;29.89;29.77;10
9/09/2015;93;84;74;75;73;68;100;74;47;29.98;29.91;29.81;8
10/09/2015;96;84;72;76;73;68;100;71;42;29.98;29.91;29.81;7
11/09/2015;93;84;75;75;73;68;94;72;49;29.99;29.92;29.85;8
12/09/2015;91;80;69;72;57;46;87;55;23;30.08;30.02;29.96;10
13/09/2015;91;77;63;58;51;47;73;49;24;30.09;30.02;29.95;10
14/09/2015;90;77;64;68;57;51;79;53;27;30.07;30.01;29.95;10
15/09/2015;95;84;73;72;70;68;87;67;46;30.1;30.02;29.96;10
16/09/2015;93;84;75;74;72;69;94;72;49;30.13;30.05;29.98;9
17/09/2015;96;86;75;73;71;65;94;67;39;30.06;29.99;29.86;10
18/09/2015;96;86;75;73;70;61;94;64;33;29.96;29.88;29.79;10
19/09/2015;96;85;74;73;68;53;94;60;26;30;29.92;29.86;10
22/09/2015;97;84;70;67;64;61;79;56;33;30.04;29.98;29.94;10
23/09/2015;94;81;68;69;62;53;90;58;26;30.05;29.99;29.92;10
24/09/2015;95;82;69;64;58;52;73;49;24;30.03;29.99;29.94;10
25/09/2015;96;84;72;67;64;60;79;58;36;30.04;30;29.93;10
26/09/2015;95;82;68;65;59;51;84;54;24;29.99;29.93;29.86;10
27/09/2015;95;81;67;67;59;52;76;50;24;29.94;29.87;29.8;10
28/09/2015;89;79;69;66;63;60;90;64;38;29.89;29.83;29.76;10
29/09/2015;94;81;67;66;64;62;87;63;38;29.91;29.86;29.82;10
30/09/2015;95;83;70;65;62;58;84;56;28;30;29.94;29.9;10
1/10/2015;94;82;69;63;60;57;73;52;30;30.08;30;29.93;9
2/10/2015;89;78;67;58;50;40;68;45;22;30.06;29.97;29.88;10
3/10/2015;87;72;56;45;43;40;57;40;22;29.94;29.88;29.8;10
4/10/2015;87;73;59;50;47;44;67;45;23;30.02;29.95;29.88;10
5/10/2015;85;76;67;56;52;48;57;45;32;30.09;30.03;29.96;10
6/10/2015;90;77;63;56;53;49;63;44;24;30.15;30.07;30.01;10
7/10/2015;91;77;62;63;58;53;72;54;36;30.1;30.02;29.96;10
8/10/2015;91;80;68;69;64;59;90;64;38;30.07;30;29.94;10
9/10/2015;88;80;72;66;64;62;79;62;45;30.14;30.07;30.02;10
10/10/2015;90;79;67;62;59;58;78;56;34;30.21;30.11;30.03;10
11/10/2015;95;80;64;64;61;59;78;55;31;30.05;29.92;29.8;10
12/10/2015;99;86;72;73;67;64;90;62;33;29.84;29.78;29.7;9
13/10/2015;94;79;64;73;45;28;79;45;10;30.04;29.96;29.86;10
14/10/2015;96;78;60;49;41;35;60;36;12;30.1;30.03;29.98;10
15/10/2015;95;79;63;67;56;46;87;55;23;30.13;30.06;29.99;10
16/10/2015;90;76;62;66;56;48;93;60;26;30.21;30.15;30.09;10
17/10/2015;88;75;62;54;48;42;67;46;25;30.3;30.22;30.17;10
18/10/2015;84;71;57;42;35;29;51;33;14;30.35;30.27;30.22;10
19/10/2015;86;70;54;53;45;38;67;46;25;30.27;30.19;30.09;10
20/10/2015;87;73;58;68;58;52;86;61;35;30.17;30.08;29.99;10
21/10/2015;86;79;72;70;68;65;90;71;51;30.13;30.06;29.98;10
22/10/2015;82;76;70;74;70;67;100;85;69;30.04;29.97;29.87;7
23/10/2015;80;76;71;76;73;69;100;91;82;29.94;29.89;29.82;7
24/10/2015;76;68;60;74;66;60;100;94;87;30.01;29.9;29.8;4
25/10/2015;64;61;57;58;57;55;100;89;78;30.07;30.02;29.99;8
26/10/2015;79;69;58;57;54;50;78;62;45;30.05;29.97;29.88;10
27/10/2015;84;71;58;56;53;47;93;61;28;29.94;29.85;29.74;10
28/10/2015;82;70;58;54;50;45;78;53;28;29.91;29.85;29.77;10
29/10/2015;81;66;51;64;54;49;96;66;35;29.97;29.89;29.83;10
30/10/2015;75;71;67;73;70;65;100;90;79;29.87;29.73;29.62;4
31/10/2015;77;71;65;73;65;59;100;82;64;29.91;29.75;29.6;8
1/11/2015;75;67;59;59;57;53;97;75;53;30.04;29.96;29.91;10
2/11/2015;79;68;57;60;58;55;100;75;50;30.03;29.98;29.92;5
3/11/2015;80;69;57;62;59;55;100;74;47;30.08;30.01;29.95;7
4/11/2015;78;70;61;68;64;59;100;82;64;30.07;30.02;29.96;9
5/11/2015;85;79;72;74;72;69;100;83;65;30.02;29.97;29.89;9
6/11/2015;76;68;59;71;54;43;87;62;37;30.11;30.06;29.99;10
7/11/2015;63;60;56;57;54;43;100;79;57;30.26;30.17;30.04;8
8/11/2015;71;62;53;47;43;41;72;56;39;30.3;30.23;30.14;10
9/11/2015;73;63;52;55;50;44;83;66;49;30.19;30.12;30.05;10
10/11/2015;74;67;60;67;63;55;90;82;73;30.12;30.02;29.93;10
11/11/2015;85;77;69;71;64;27;93;62;31;30;29.87;29.79;10
12/11/2015;71;64;56;41;36;27;51;36;20;30.26;30.19;30.02;10
13/11/2015;65;61;56;43;39;37;57;47;37;30.34;30.28;30.24;10
14/11/2015;65;60;54;52;46;40;83;66;48;30.36;30.3;30.28;10
15/11/2015;70;62;54;62;53;46;87;73;58;30.28;30.18;30.06;10
16/11/2015;75;70;65;71;67;63;100;92;84;30.08;29.85;29.62;8
17/11/2015;75;61;47;70;55;42;93;69;44;29.79;29.66;29.54;8
18/11/2015;72;58;43;45;42;39;93;64;35;29.96;29.86;29.78;10
19/11/2015;79;63;46;51;46;41;86;59;32;30.15;30.08;29.97;10
20/11/2015;77;65;52;61;55;49;93;67;40;30.13;30.03;29.93;10
21/11/2015;66;54;41;63;47;25;93;63;32;30.37;30.12;29.91;10
22/11/2015;59;47;34;33;29;26;82;56;30;30.4;30.32;30.24;10
23/11/2015;63;48;32;41;33;29;92;61;30;30.37;30.29;30.22;10
24/11/2015;64;56;47;58;50;42;80;74;67;30.24;30.14;30.07;10
25/11/2015;74;68;62;64;61;58;93;77;61;30.11;30.07;30.02;10
26/11/2015;74;71;68;71;69;63;100;91;81;30.15;30.1;30.04;8
27/11/2015;74;58;41;71;58;39;100;94;87;30.24;30.14;30.07;6
28/11/2015;44;42;39;42;39;38;100;91;82;30.28;30.23;30.19;9
29/11/2015;47;45;42;44;42;40;96;91;86;30.26;30.18;30.1;8
30/11/2015;55;50;45;48;45;43;100;86;72;30.11;30.06;30.03;10
1/12/2015;59;53;46;46;43;39;93;72;51;30.12;30.05;29.98;10
2/12/2015;68;55;42;48;40;31;100;65;29;30.3;30.18;30.07;10
3/12/2015;63;52;40;38;37;35;86;61;36;30.43;30.38;30.3;10
4/12/2015;63;50;37;43;38;35;92;66;39;30.52;30.45;30.4;10
5/12/2015;65;51;37;43;39;35;92;66;40;30.5;30.43;30.37;10
6/12/2015;70;57;44;51;46;42;93;71;49;30.46;30.4;30.34;10
7/12/2015;69;57;44;47;43;40;92;64;35;30.37;30.27;30.16;10
8/12/2015;75;59;42;54;48;41;96;70;43;30.14;30.03;29.92;10
9/12/2015;76;62;47;50;47;41;93;61;29;30.07;29.98;29.92;10
10/12/2015;78;65;51;62;58;46;100;78;56;29.93;29.86;29.76;8
11/12/2015;79;66;52;65;61;51;100;79;58;29.88;29.83;29.78;6
12/12/2015;75;73;70;70;67;65;90;85;79;29.84;29.75;29.63;9
13/12/2015;74;60;46;69;52;43;96;84;72;29.79;29.7;29.6;6
14/12/2015;75;59;42;46;41;35;89;57;25;29.85;29.78;29.73;10
15/12/2015;75;64;53;65;60;45;100;86;71;29.81;29.72;29.66;10
16/12/2015;63;55;46;39;29;25;53;40;27;30.03;29.92;29.81;10
17/12/2015;68;54;39;37;31;23;79;54;28;30.26;30.08;29.99;10
18/12/2015;58;46;34;35;31;27;76;55;33;30.45;30.37;30.28;10
19/12/2015;66;51;36;48;40;32;92;68;44;30.5;30.4;30.34;10
20/12/2015;67;59;51;62;56;48;100;89;78;30.35;30.12;29.99;10
21/12/2015;76;65;54;64;61;51;93;79;64;30.01;29.96;29.88;9
22/12/2015;79;64;49;66;57;46;93;69;45;29.92;29.7;29.53;10
23/12/2015;81;67;53;66;54;40;93;59;25;29.72;29.57;29.48;9
24/12/2015;74;63;52;63;56;46;93;81;68;29.95;29.84;29.73;9
25/12/2015;70;61;51;66;53;43;93;77;61;30.04;29.95;29.84;9
26/12/2015;78;74;70;70;69;68;93;85;76;29.83;29.72;29.62;9
27/12/2015;73;55;36;69;47;33;93;89;84;29.81;29.68;29.54;8
28/12/2015;46;41;36;34;30;28;92;75;58;30.06;29.94;29.76;10
29/12/2015;49;43;37;43;36;32;92;74;56;30.19;30.09;30.01;8
30/12/2015;57;49;41;44;42;39;100;80;59;30.3;30.23;30.16;7
31/12/2015;53;46;39;40;39;37;93;78;63;30.4;30.32;30.25;10
3/01/2016;62;52;41;43;39;32;96;70;43;30.36;30.3;30.22;10
4/01/2016;58;48;37;33;31;30;79;58;36;30.41;30.33;30.27;10
5/01/2016;56;46;36;40;36;32;85;68;51;30.37;30.28;30.21;10
6/01/2016;53;50;46;52;47;41;100;86;71;30.21;30.05;29.95;5
7/01/2016;73;61;49;53;50;46;100;71;41;29.96;29.9;29.81;5
8/01/2016;66;55;44;57;50;43;100;86;72;29.86;29.79;29.69;7
9/01/2016;58;48;38;44;34;28;71;59;46;30.24;30.02;29.83;10
10/01/2016;50;42;33;28;26;25;82;61;39;30.4;30.3;30.23;10
11/01/2016;56;45;34;32;28;25;82;59;35;30.31;30.26;30.19;10
12/01/2016;66;50;34;39;34;29;89;58;27;30.36;30.28;30.23;10
13/01/2016;66;52;38;42;39;36;92;68;43;30.26;30.17;30.08;10
14/01/2016;70;59;47;55;50;40;93;75;57;30.05;29.91;29.74;10
15/01/2016;70;59;48;53;39;29;93;58;22;29.87;29.79;29.71;10
16/01/2016;64;54;43;43;37;33;76;61;46;30.19;29.96;29.78;10
17/01/2016;57;45;32;35;32;30;89;65;41;30.25;30.19;30.1;10
18/01/2016;59;48;36;38;36;33;92;70;47;30.42;30.32;30.25;10
19/01/2016;69;56;43;51;47;41;100;78;55;30.28;30.19;30.08;7
20/01/2016;57;51;45;51;39;31;89;70;50;30.23;30.1;29.99;10
21/01/2016;64;54;43;56;46;27;100;66;32;30.23;30;29.88;6
22/01/2016;54;46;37;30;29;28;70;56;41;30.38;30.31;30.22;10
23/01/2016;57;44;31;32;30;27;85;61;36;30.37;30.28;30.17;10
24/01/2016;70;53;35;52;41;31;82;61;40;30.15;30.03;29.9;10
25/01/2016;75;66;56;57;51;37;93;66;38;30.06;29.94;29.87;10
26/01/2016;58;51;43;36;32;26;58;50;41;30.32;30.2;30.06;10
27/01/2016;59;48;36;30;26;20;70;47;24;30.4;30.32;30.25;10
28/01/2016;71;52;32;36;32;27;82;53;23;30.27;30.17;30.08;10
29/01/2016;76;57;38;39;35;33;85;53;21;30.12;30.02;29.93;10
30/01/2016;77;62;46;56;46;39;84;59;33;29.94;29.87;29.79;10
31/01/2016;86;72;58;58;54;36;93;55;17;29.87;29.81;29.73;10
1/02/2016;77;66;54;61;54;37;100;73;46;29.86;29.74;29.53;7
2/02/2016;72;62;51;36;27;23;37;28;18;29.94;29.78;29.68;10
3/02/2016;58;49;39;27;25;23;54;41;28;30.4;30.2;29.97;10
4/02/2016;59;47;34;28;23;19;75;49;23;30.55;30.46;30.41;10
5/02/2016;62;48;33;39;28;23;70;47;24;30.48;30.38;30.29;10
6/02/2016;60;51;39;41;31;25;79;51;28;30.4;30.35;30.3;10
7/02/2016;68;50;32;37;33;30;96;62;28;30.38;30.23;30.1;10
8/02/2016;65;56;46;33;20;14;58;37;15;30.45;30.34;30.21;10
9/02/2016;74;57;39;33;27;20;59;40;20;30.4;30.32;30.23;10
10/02/2016;74;56;38;36;33;30;82;54;25;30.41;30.3;30.17;10
11/02/2016;83;68;52;47;37;30;52;36;20;30.17;30.12;30.04;10
12/02/2016;79;63;47;48;43;38;93;60;27;30.29;30.21;30.13;10
13/02/2016;75;64;52;54;47;38;78;60;42;30.36;30.25;30.14;10
14/02/2016;75;66;57;57;55;53;93;71;49;30.11;29.97;29.83;10
15/02/2016;74;62;50;58;49;35;90;59;27;29.96;29.89;29.81;10
16/02/2016;82;63;43;47;40;32;71;49;26;30.09;29.99;29.92;10
17/02/2016;75;63;50;42;33;25;44;35;25;30.29;30.2;30.09;10
18/02/2016;79;67;54;58;54;45;93;68;42;30.24;30.16;30.06;10
19/02/2016;81;73;64;62;58;56;81;63;45;30.17;30.1;30.01;10
20/02/2016;76;71;66;64;62;60;87;76;64;30.09;30.03;29.95;10
21/02/2016;71;68;65;65;63;60;93;86;79;30.06;30;29.94;10
22/02/2016;72;65;57;59;56;52;90;74;57;30.01;29.88;29.65;10
23/02/2016;61;54;47;58;50;36;93;76;59;30.06;29.73;29.59;8
24/02/2016;65;54;42;38;30;23;76;49;21;30.28;30.18;30.06;10
25/02/2016;69;54;38;34;31;27;79;53;26;30.44;30.31;30.21;10
26/02/2016;64;53;41;36;29;25;56;42;27;30.51;30.4;30.32;10
27/02/2016;73;58;42;52;45;36;82;62;42;30.33;30.24;30.13;10
28/02/2016;78;67;55;59;55;52;93;72;50;30.12;30.04;29.95;10
29/02/2016;77;70;62;61;60;57;93;72;50;30.13;30.04;29.93;10
1/03/2016;81;70;59;62;55;35;87;62;36;30.18;30.02;29.93;10
2/03/2016;78;64;49;62;47;32;81;59;36;30.21;30.06;29.9;10
3/03/2016;83;73;62;64;50;33;87;53;18;30.13;29.97;29.83;10
4/03/2016;76;61;45;47;37;33;71;48;25;30.21;30.12;30.04;10
5/03/2016;79;68;57;56;54;49;93;66;39;30.21;30.13;30.08;10
6/03/2016;77;68;58;60;57;54;93;74;54;30.17;30.08;29.93;9
7/03/2016;76;70;64;65;62;59;87;76;64;29.95;29.83;29.71;9
8/03/2016;83;76;68;69;66;64;90;74;58;29.78;29.69;29.6;8
9/03/2016;71;65;59;67;58;57;100;92;84;29.85;29.75;29.65;6
10/03/2016;64;61;58;61;59;57;93;92;90;29.95;29.88;29.78;8
11/03/2016;71;65;59;63;61;57;100;87;73;29.97;29.93;29.87;7
12/03/2016;74;66;57;58;56;54;100;75;49;29.97;29.9;29.81;10
13/03/2016;85;71;56;61;51;37;97;59;20;29.83;29.79;29.72;8
14/03/2016;92;73;54;63;50;41;73;48;23;29.87;29.79;29.71;10
15/03/2016;92;80;67;68;58;41;100;59;18;29.92;29.79;29.72;7
16/03/2016;81;71;61;67;57;42;84;61;37;30.02;29.93;29.88;9
17/03/2016;79;73;67;67;66;64;90;76;62;29.94;29.88;29.78;6
18/03/2016;79;68;56;69;66;51;100;85;69;30.01;29.82;29.73;7
19/03/2016;62;55;47;49;36;28;72;52;31;30.29;30.16;30.02;10
20/03/2016;64;53;42;32;28;25;62;44;25;30.47;30.39;30.3;10
21/03/2016;68;52;35;39;34;30;82;57;32;30.47;30.37;30.24;10
22/03/2016;78;62;45;58;50;40;86;67;47;30.22;30.06;29.92;10
23/03/2016;82;74;65;65;62;59;87;71;54;29.89;29.8;29.68;10
24/03/2016;70;59;48;67;46;31;72;51;30;30.08;29.93;29.78;8
25/03/2016;73;57;41;46;41;39;89;60;31;30.03;29.95;29.83;10
26/03/2016;74;61;48;57;53;47;93;75;57;29.94;29.9;29.85;9
27/03/2016;74;65;56;63;55;44;100;70;40;30.17;30.03;29.9;8
28/03/2016;75;62;48;46;42;40;71;51;31;30.18;30.09;29.99;10
29/03/2016;69;64;58;68;62;47;100;76;52;30.01;29.91;29.84;5
30/03/2016;77;73;68;70;69;68;100;88;76;29.85;29.74;29.6;5
31/03/2016;86;76;66;69;56;39;97;59;20;29.76;29.67;29.61;7
1/04/2016;66;59;51;52;45;38;72;57;42;30.17;29.97;29.76;9
2/04/2016;74;60;45;42;38;34;76;50;23;30.32;30.24;30.18;10
3/04/2016;79;62;44;45;41;39;89;58;27;30.26;30.18;30.08;10
4/04/2016;83;68;53;53;46;38;66;48;30;30.21;30.15;30.1;10
5/04/2016;82;68;53;55;47;40;66;50;33;30.22;30.14;30.03;10
6/04/2016;82;69;55;58;48;35;90;56;21;30.12;30.04;29.93;10
7/04/2016;85;67;48;51;45;41;86;55;23;30.09;30.01;29.93;10
8/04/2016;80;68;55;49;43;38;77;51;25;30.19;30.11;30.02;10
9/04/2016;77;68;58;58;53;44;84;63;41;30.16;30.09;29.99;10
10/04/2016;79;72;65;66;62;59;87;75;62;30.04;29.96;29.85;10
11/04/2016;89;80;70;71;68;66;93;74;55;29.98;29.89;29.83;10
12/04/2016;73;68;62;70;61;58;93;83;73;30.13;30.03;29.94;8
13/04/2016;72;65;58;61;60;58;100;83;66;30.09;30.04;29.95;8
14/04/2016;77;66;54;58;56;53;100;75;50;30.07;30;29.91;6
15/04/2016;79;67;54;62;58;53;100;77;54;29.93;29.87;29.78;8
16/04/2016;75;70;64;71;66;61;100;92;84;29.89;29.84;29.78;7
17/04/2016;78;71;64;71;67;63;97;90;82;29.99;29.93;29.85;5
18/04/2016;75;69;63;68;65;63;100;87;73;30.13;30.05;29.96;6
19/04/2016;81;72;62;67;64;61;100;79;58;30.12;30.06;29.94;6
20/04/2016;81;71;60;67;63;58;93;72;51;30.06;29.98;29.9;9
21/04/2016;83;72;60;66;61;58;93;70;47;30.08;29.97;29.88;8
22/04/2016;84;72;60;60;55;49;93;63;33;30.13;30.06;30.02;10
23/04/2016;83;69;55;59;54;50;87;61;34;30.1;30.02;29.92;10
24/04/2016;79;71;63;67;63;58;93;79;64;29.96;29.86;29.78;10
25/04/2016;88;79;70;73;69;67;93;76;59;29.85;29.77;29.66;10
26/04/2016;86;79;72;72;69;66;93;77;61;29.76;29.67;29.57;8
27/04/2016;90;76;62;71;58;36;93;54;15;29.78;29.69;29.55;8
28/04/2016;87;75;63;73;66;56;93;71;48;29.88;29.78;29.72;8
29/04/2016;84;80;75;74;73;72;94;82;70;29.78;29.65;29.54;7
30/04/2016;86;76;66;74;67;62;94;73;51;29.81;29.7;29.56;8
1/05/2016;78;72;66;65;60;55;87;69;50;29.98;29.89;29.8;10
2/05/2016;70;64;57;54;51;49;80;68;55;30.15;30.07;29.97;10
3/05/2016;78;67;55;51;48;46;86;60;33;30.14;30.08;30;10
4/05/2016;87;71;54;55;51;47;89;57;25;30.11;30.04;29.96;10
5/05/2016;89;74;59;56;53;50;72;51;29;30.07;30.02;29.95;10
6/05/2016;86;71;56;55;53;50;86;60;34;30.1;30.03;29.97;10
7/05/2016;85;73;60;62;58;56;90;65;40;30.03;29.96;29.88;10
8/05/2016;73;70;67;69;65;62;97;88;78;29.95;29.85;29.73;10
9/05/2016;87;77;67;70;66;64;87;69;50;29.81;29.76;29.69;10
10/05/2016;91;79;66;74;70;64;93;75;56;30.06;29.87;29.77;6
11/05/2016;87;76;65;73;67;63;87;76;65;30.08;29.98;29.9;8
12/05/2016;84;76;68;70;68;63;93;78;62;30.2;30.09;30;9
13/05/2016;87;79;71;70;67;64;79;69;58;30.17;30.09;29.99;10
14/05/2016;81;72;63;71;68;64;100;87;74;30.11;30.07;30.01;6
15/05/2016;72;67;62;67;62;54;93;83;72;30.13;30.05;29.97;9
16/05/2016;80;74;67;67;66;65;100;84;67;30.02;29.92;29.82;6
17/05/2016;82;74;65;69;66;61;100;83;65;30.05;29.92;29.82;6
18/05/2016;78;71;64;63;61;58;93;77;60;30.11;30.02;29.9;10
19/05/2016;76;69;61;65;61;59;100;84;68;30.05;29.97;29.86;5
20/05/2016;83;73;62;66;62;60;93;74;55;30.05;29.98;29.91;9
21/05/2016;83;77;70;74;69;64;87;81;74;30.07;30;29.92;10
22/05/2016;87;80;72;75;72;69;93;82;70;30.01;29.94;29.82;10
23/05/2016;85;78;71;75;72;69;93;84;74;29.98;29.88;29.79;9
24/05/2016;87;81;74;74;72;70;87;76;65;29.98;29.91;29.85;10
25/05/2016;86;82;77;77;75;73;88;81;74;30.03;29.96;29.9;8
26/05/2016;90;79;68;78;73;67;93;76;59;29.98;29.84;29.73;8
27/05/2016;77;71;65;69;66;64;100;87;74;29.88;29.76;29.68;8
28/05/2016;91;78;65;77;69;64;100;79;57;30.03;29.9;29.81;6
29/05/2016;88;79;70;74;71;66;100;78;55;30.09;30.03;29.95;8
30/05/2016;89;78;66;72;67;61;93;67;40;30.11;29.99;29.86;8
31/05/2016;82;75;67;75;71;67;100;85;69;29.93;29.87;29.78;8
1/06/2016;87;78;68;72;69;66;97;75;53;29.94;29.88;29.8;6
2/06/2016;84;76;68;72;69;63;100;76;51;29.94;29.88;29.82;7
3/06/2016;85;75;65;70;66;63;93;74;55;29.95;29.89;29.8;6
4/06/2016;86;77;67;71;68;66;100;76;51;29.95;29.89;29.82;9
5/06/2016;88;78;68;68;62;53;97;66;34;29.91;29.86;29.82;10
6/06/2016;90;80;70;63;59;57;68;53;38;29.88;29.85;29.8;10
7/06/2016;92;81;69;70;65;63;84;64;44;29.92;29.88;29.83;10
8/06/2016;92;81;70;72;70;67;93;71;49;29.93;29.9;29.84;10
9/06/2016;92;82;71;72;70;67;93;73;52;29.96;29.92;29.87;10
10/06/2016;91;80;69;73;71;68;97;77;56;30.02;29.95;29.89;10
11/06/2016;93;85;76;75;74;72;88;72;56;30.07;30;29.92;9
12/06/2016;94;86;77;77;76;75;91;74;56;30.09;30;29.92;10
13/06/2016;94;85;76;76;75;73;91;76;60;30.02;29.94;29.81;10
14/06/2016;94;86;78;76;74;73;85;71;56;29.93;29.85;29.79;10
15/06/2016;96;87;78;75;73;71;85;66;46;29.98;29.9;29.85;8
16/06/2016;96;86;75;75;73;70;94;71;48;30.02;29.94;29.87;9
17/06/2016;97;87;76;75;73;71;94;70;46;30;29.93;29.86;10
18/06/2016;96;86;76;75;73;71;88;67;46;30.04;29.96;29.91;9
19/06/2016;94;86;77;76;73;68;85;67;49;30.12;30.06;30;10
20/06/2016;95;85;75;74;71;69;87;65;43;30.2;30.14;30.08;10
21/06/2016;96;86;75;73;71;69;87;66;45;30.14;30.08;29.98;10
22/06/2016;96;86;76;74;72;71;94;72;49;30.08;30;29.92;10
23/06/2016;95;85;75;73;72;68;94;70;46;30.1;30.03;29.95;10
24/06/2016;93;84;75;74;73;71;94;73;52;30.1;30.01;29.94;10
25/06/2016;88;83;77;78;75;72;94;81;68;30.09;30.03;29.99;10
26/06/2016;95;86;76;76;73;69;100;73;46;30.15;30.07;29.99;9
27/06/2016;96;86;75;75;71;68;87;65;42;30.14;30.06;29.98;10
28/06/2016;101;87;72;73;71;68;100;69;37;30.06;30.02;29.94;9
29/06/2016;96;84;71;75;70;66;93;66;39;30.05;29.97;29.9;10
30/06/2016;94;85;76;74;71;67;88;65;41;29.99;29.94;29.9;10
1/07/2016;96;85;74;74;71;69;93;70;46;30.02;29.97;29.92;10
2/07/2016;98;87;76;74;73;71;88;67;45;30.05;29.97;29.88;10
3/07/2016;98;88;78;75;74;73;85;67;48;30;29.91;29.81;10
4/07/2016;99;90;80;75;74;70;85;62;39;29.98;29.9;29.85;10
5/07/2016;99;89;79;75;74;73;85;65;45;30.01;29.95;29.88;9
6/07/2016;100;90;79;75;73;68;91;68;45;30.03;29.94;29.86;10
7/07/2016;99;89;79;74;73;71;85;64;42;29.98;29.92;29.86;10
8/07/2016;100;90;79;75;73;68;85;64;42;30.05;29.96;29.89;10
9/07/2016;99;89;78;76;73;69;91;65;39;30.07;29.99;29.89;10
10/07/2016;97;87;77;78;74;69;91;67;42;30.07;29.95;29.82;9
11/07/2016;100;90;79;75;71;65;85;60;35;29.94;29.88;29.82;10
12/07/2016;100;89;77;74;72;69;88;64;39;29.96;29.91;29.87;10
13/07/2016;101;91;80;76;73;69;85;64;42;30.04;29.96;29.89;10
14/07/2016;101;89;77;74;73;71;88;64;40;30.06;29.96;29.87;10
15/07/2016;101;90;78;75;71;64;91;62;33;30.05;29.97;29.86;10
16/07/2016;100;88;76;74;72;66;94;66;38;30.07;29.98;29.91;10
17/07/2016;99;88;76;74;72;66;88;63;38;30.08;30.02;29.96;10
18/07/2016;99;89;78;75;72;68;91;65;39;30.17;30.09;30.02;10
19/07/2016;100;89;77;74;72;69;85;64;42;30.21;30.11;30.04;10
20/07/2016;101;89;77;75;72;66;88;62;35;30.21;30.12;30.04;10
21/07/2016;101;89;76;73;69;65;87;60;33;30.14;30.07;30;10
22/07/2016;102;89;76;73;69;65;87;59;31;30.08;30.01;29.93;10
23/07/2016;101;90;78;74;71;67;85;60;35;30.02;29.93;29.82;10
24/07/2016;101;90;78;75;73;68;91;64;37;29.99;29.91;29.83;10
25/07/2016;102;89;76;76;73;69;94;66;37;29.96;29.91;29.79;9
26/07/2016;93;84;75;77;75;71;100;76;52;29.98;29.93;29.87;7
27/07/2016;92;83;74;78;74;70;100;78;55;30.03;29.97;29.89;6
28/07/2016;97;86;75;76;73;71;94;70;46;30.04;29.98;29.92;10
29/07/2016;96;85;74;75;72;69;91;67;43;30.06;29.97;29.88;10
30/07/2016;97;87;76;76;73;69;100;71;42;30.06;29.98;29.89;10
1/08/2016;99;87;75;74;70;60;94;62;29;30.07;30;29.93;10
2/08/2016;98;87;75;74;72;69;94;67;39;30.09;30.03;29.94;10
3/08/2016;99;88;76;74;72;70;94;68;42;30.04;29.98;29.89;10
4/08/2016;99;88;76;75;72;70;88;65;42;30.02;29.92;29.84;10
5/08/2016;100;89;77;76;73;71;91;67;42;30.01;29.93;29.86;10
6/08/2016;100;89;77;75;71;67;88;63;38;30.02;29.93;29.86;10
7/08/2016;100;89;77;75;72;68;91;65;39;29.95;29.89;29.8;10
8/08/2016;100;89;78;75;72;68;91;65;39;29.93;29.86;29.77;10
9/08/2016;102;91;79;76;73;68;91;66;40;29.94;29.88;29.8;10
10/08/2016;102;92;81;77;73;68;91;64;37;30;29.93;29.85;10
11/08/2016;102;90;78;76;74;69;91;64;37;30.03;29.91;29.81;10
12/08/2016;105;92;79;76;73;69;91;63;35;29.89;29.81;29.68;10
13/08/2016;96;87;77;76;73;70;94;73;52;29.88;29.82;29.76;10
14/08/2016;84;78;71;76;75;70;100;90;79;29.96;29.91;29.83;7
15/08/2016;76;74;71;73;72;70;100;97;93;30.06;30;29.94;5
16/08/2016;83;77;71;76;73;70;100;90;79;30.07;30.02;29.97;6
17/08/2016;84;80;75;78;75;73;100;90;79;30.11;30.06;30.01;8
18/08/2016;88;81;74;80;75;73;100;84;68;30.1;30.04;29.96;9
19/08/2016;93;84;75;77;75;72;100;76;52;30.04;29.94;29.83;9
20/08/2016;83;78;73;77;74;72;94;87;79;29.95;29.89;29.82;8
21/08/2016;82;78;73;75;73;71;100;87;74;30.05;29.97;29.9;9
22/08/2016;91;83;75;77;74;70;94;75;56;30.1;30.05;29.99;9
23/08/2016;94;86;77;76;74;69;91;70;49;30.16;30.09;30.02;10
24/08/2016;93;85;76;75;73;69;94;72;49;30.15;30.09;29.99;10
25/08/2016;94;84;74;75;73;70;100;75;49;30.12;30.04;29.95;10
26/08/2016;93;84;75;75;73;71;94;73;52;30.07;30;29.91;10
27/08/2016;92;82;72;73;71;69;93;73;52;30.01;29.96;29.88;10
28/08/2016;92;83;73;75;72;70;91;72;52;30.06;29.98;29.9;9
29/08/2016;91;82;73;75;72;71;94;75;56;30.05;29.98;29.89;9
30/08/2016;92;83;73;73;72;70;94;73;52;30.04;29.97;29.9;10
31/08/2016;94;84;74;74;72;70;100;75;49;29.97;29.93;29.86;10
1/09/2016;96;86;75;74;72;69;94;70;46;29.97;29.92;29.86;10
2/09/2016;92;84;75;75;72;70;87;73;59;30.05;29.97;29.91;10
3/09/2016;92;83;73;74;72;69;94;73;52;29.99;29.95;29.9;9
4/09/2016;93;84;75;75;73;71;94;73;52;30.04;29.96;29.89;9
5/09/2016;94;84;73;77;74;72;94;77;59;30.08;30.01;29.96;10
6/09/2016;95;86;77;78;76;75;97;79;60;30.14;30.07;30.02;10
7/09/2016;96;87;78;77;76;73;97;75;52;30.16;30.08;29.98;10
8/09/2016;95;86;77;76;73;69;91;70;49;30.06;29.99;29.89;10
9/09/2016;95;86;77;75;73;71;94;72;49;30;29.93;29.86;10
10/09/2016;93;82;71;75;71;64;94;68;41;30.18;30.06;29.94;9
11/09/2016;93;81;69;68;66;64;84;64;44;30.17;30.08;29.98;10
12/09/2016;93;82;70;73;69;67;93;70;47;30;29.94;29.86;10
13/09/2016;94;84;74;75;72;69;100;73;46;30.03;29.96;29.89;10
14/09/2016;92;84;76;76;71;69;82;66;49;30.07;30.02;29.95;10
15/09/2016;94;83;72;74;71;69;93;70;46;30.04;29.97;29.9;10
16/09/2016;95;85;75;74;71;68;94;69;44;30;29.92;29.84;10
17/09/2016;96;85;75;75;72;70;90;67;46;30;29.94;29.9;10
18/09/2016;98;87;75;75;73;71;94;70;45;29.99;29.93;29.89;10
19/09/2016;99;88;76;75;73;71;94;68;42;30.02;29.97;29.93;10
20/09/2016;99;87;75;75;71;65;94;66;38;30.08;30.01;29.94;10
21/09/2016;96;86;75;75;69;61;91;62;33;30.08;29.99;29.94;10
22/09/2016;94;82;70;74;69;65;84;64;44;30;29.95;29.88;10
23/09/2016;93;85;76;77;74;72;94;73;52;30.03;29.96;29.88;9
24/09/2016;97;87;77;76;74;72;94;72;49;30.03;29.95;29.87;10
25/09/2016;88;79;70;76;73;69;100;83;65;30.05;29.98;29.92;9
26/09/2016;73;70;67;72;69;62;100;89;78;30.14;30.08;30.02;7
27/09/2016;80;74;67;64;62;61;87;71;54;30.12;30.07;30.01;10
28/09/2016;89;77;65;65;60;52;93;61;29;30.09;30.04;30.01;10
29/09/2016;86;75;63;62;55;50;87;61;34;30.21;30.15;30.08;10
30/09/2016;83;72;60;55;52;50;73;54;34;30.22;30.14;30.06;10
1/10/2016;80;70;59;61;56;53;87;65;42;30.11;30.06;30.01;10
2/10/2016;85;72;58;60;58;53;93;65;37;30.07;30.02;29.96;10
3/10/2016;87;75;62;64;61;59;90;66;42;29.98;29.91;29.82;10
4/10/2016;91;81;70;72;69;65;90;69;47;29.86;29.8;29.72;10
5/10/2016;92;84;75;74;72;68;94;72;49;29.95;29.87;29.81;10
6/10/2016;92;84;76;74;72;68;94;71;47;29.97;29.91;29.83;10
7/10/2016;89;76;63;73;69;58;94;74;53;30.17;30.02;29.91;10
8/10/2016;86;74;61;63;60;57;90;69;48;30.25;30.18;30.12;10
9/10/2016;84;71;58;58;47;41;73;49;24;30.29;30.21;30.16;10
10/10/2016;84;68;52;52;46;39;83;53;23;30.21;30.16;30.1;10
11/10/2016;88;71;53;59;53;48;83;57;30;30.16;30.09;30.02;10
12/10/2016;91;76;61;72;65;57;84;66;47;30.11;30.04;29.97;10
13/10/2016;89;79;68;73;69;62;94;73;51;30.17;30.09;30.01;10
14/10/2016;87;77;67;71;67;62;100;74;48;30.21;30.1;29.99;7
15/10/2016;91;81;71;71;70;67;93;70;47;30.09;30.02;29.91;10
16/10/2016;94;85;75;72;70;64;87;66;44;30.04;29.94;29.85;10
17/10/2016;94;84;74;72;70;63;93;69;44;29.94;29.86;29.74;10
18/10/2016;93;84;75;73;71;66;87;67;47;29.91;29.85;29.8;10
19/10/2016;92;84;75;74;71;66;94;71;47;30.01;29.93;29.87;10
20/10/2016;83;74;65;70;61;44;93;60;26;30.22;30.07;29.93;10
21/10/2016;77;65;53;47;45;41;71;50;28;30.31;30.23;30.16;10
22/10/2016;80;64;47;48;45;41;86;57;27;30.24;30.17;30.1;10
23/10/2016;84;70;55;62;55;47;86;63;39;30.22;30.15;30.11;10
24/10/2016;86;77;67;67;64;61;93;71;48;30.25;30.19;30.15;10
25/10/2016;86;77;67;66;63;59;100;72;44;30.23;30.16;30.07;8
26/10/2016;87;76;64;66;62;60;93;69;44;30.18;30.12;30.04;10
27/10/2016;88;76;64;67;62;58;93;68;43;30.23;30.16;30.12;10
28/10/2016;86;74;61;64;60;57;90;67;44;30.23;30.16;30.09;10
29/10/2016;86;75;64;65;62;58;93;68;42;30.19;30.13;30.06;10
30/10/2016;87;76;65;67;63;54;100;67;34;30.18;30.11;30.07;10
31/10/2016;86;73;60;69;62;58;100;72;44;30.13;30.05;29.96;8
1/11/2016;91;81;71;73;71;64;100;72;44;30.04;29.98;29.9;9
2/11/2016;88;81;73;74;72;69;100;78;55;30.15;30.06;29.99;9
3/11/2016;80;74;68;73;70;66;93;84;74;30.25;30.19;30.11;8
4/11/2016;73;71;68;67;66;64;93;89;84;30.3;30.24;30.2;9
5/11/2016;72;68;63;68;66;59;100;91;81;30.27;30.22;30.14;6
6/11/2016;76;68;59;67;60;57;93;85;76;30.19;30.13;30.07;10
7/11/2016;71;66;61;69;65;61;100;94;87;30.14;30.09;30.04;5
8/11/2016;69;66;62;66;64;62;100;92;84;30.21;30.16;30.09;8
9/11/2016;65;63;60;62;61;58;100;94;87;30.29;30.23;30.18;6
10/11/2016;71;64;56;58;55;53;90;72;53;30.34;30.29;30.25;10
11/11/2016;74;65;55;60;57;54;100;79;57;30.31;30.25;30.17;8
12/11/2016;77;67;57;58;57;54;93;72;50;30.28;30.22;30.17;8
13/11/2016;76;65;54;58;55;52;93;75;57;30.27;30.18;30.12;10
14/11/2016;82;69;56;62;58;55;100;74;48;30.15;30.09;30;6
15/11/2016;86;73;59;58;55;51;87;60;32;30.11;30.04;30;10
16/11/2016;86;71;55;57;52;49;86;58;30;30.03;29.97;29.91;10
17/11/2016;82;70;58;66;61;54;100;74;47;29.96;29.9;29.81;9
18/11/2016;79;66;52;68;55;31;90;62;34;30.47;30.1;29.9;10
19/11/2016;63;52;41;33;30;26;67;46;25;30.63;30.54;30.48;10
20/11/2016;67;51;35;36;32;27;85;55;24;30.48;30.35;30.21;10
21/11/2016;77;61;44;57;48;36;84;64;43;30.19;30.09;29.99;10
22/11/2016;76;69;62;69;64;57;97;83;69;29.98;29.94;29.86;9
23/11/2016;73;62;51;69;54;45;100;71;41;30.21;30.11;29.96;9
24/11/2016;76;61;46;60;52;45;93;70;46;30.26;30.19;30.12;10
25/11/2016;66;61;55;60;57;49;97;87;77;30.4;30.32;30.2;10
26/11/2016;70;62;53;56;51;47;83;69;55;30.4;30.31;30.19;10
27/11/2016;76;66;56;65;59;51;86;75;64;30.18;29.93;29.68;10
28/11/2016;79;65;51;66;49;33;84;53;21;29.65;29.57;29.52;10
29/11/2016;79;64;49;48;42;38;80;53;25;29.81;29.67;29.59;10
30/11/2016;67;55;42;42;33;26;66;45;24;30.12;30.02;29.84;10
1/12/2016;69;53;37;43;34;31;85;56;27;30.16;30.08;30.01;10
2/12/2016;64;58;51;57;49;43;90;77;63;30.11;30.05;30.01;10
3/12/2016;52;51;49;50;49;47;100;95;89;30.04;29.97;29.86;6
4/12/2016;53;51;49;49;48;46;93;88;83;30.07;30.01;29.93;8
5/12/2016;52;50;47;50;48;46;100;95;89;30.01;29.85;29.77;5
6/12/2016;58;51;43;48;45;43;100;84;67;30.09;29.94;29.79;8
7/12/2016;56;48;39;48;45;39;100;86;72;30.26;30.11;30.04;7
8/12/2016;52;44;36;44;31;20;83;68;52;30.68;30.49;30.27;10
9/12/2016;46;40;33;26;20;16;56;45;34;30.69;30.6;30.52;10
10/12/2016;52;44;35;50;37;27;96;75;54;30.51;30.37;30.2;8
11/12/2016;67;59;50;61;55;50;100;91;81;30.18;30.04;29.92;5
12/12/2016;67;57;46;52;47;41;93;73;52;30.12;30.02;29.96;10
13/12/2016;77;64;50;60;54;46;100;73;46;30.13;30.01;29.93;7
14/12/2016;57;50;43;48;43;38;89;78;66;30.31;30.18;30.13;10
15/12/2016;54;50;45;43;42;40;92;78;63;30.42;30.31;30.16;7
16/12/2016;67;59;51;61;54;41;96;82;68;30.14;29.94;29.81;8
17/12/2016;76;55;34;67;59;21;100;80;59;30.19;29.78;29.65;6
18/12/2016;37;32;26;18;12;10;58;48;38;30.67;30.49;30.25;10
19/12/2016;45;34;23;17;12;8;59;42;24;30.76;30.68;30.6;10
20/12/2016;59;47;35;25;20;15;59;40;20;30.59;30.46;30.3;10
21/12/2016;71;57;43;40;32;25;55;41;27;30.29;30.2;30.1;10
22/12/2016;68;59;50;40;36;33;63;48;32;30.35;30.26;30.18;10
23/12/2016;68;60;52;64;54;37;100;74;47;30.22;30.1;30;6
24/12/2016;78;72;65;68;66;64;100;85;69;30.08;30.02;29.96;9
25/12/2016;80;74;68;67;65;64;90;74;58;30.01;29.94;29.85;10
26/12/2016;84;77;70;70;69;67;93;74;55;30.24;30.11;29.99;10
27/12/2016;76;69;62;68;58;47;97;72;46;30.27;30.2;30.14;10
28/12/2016;83;73;62;67;64;56;93;72;51;30.15;30.08;29.96;9
29/12/2016;70;60;49;65;27;16;84;51;18;30.53;30.38;30.08;10
30/12/2016;55;52;49;34;23;18;48;38;27;30.51;30.31;30.09;10
31/12/2016;77;64;51;61;51;36;90;70;50;30.06;29.9;29.76;10
1/01/2017;73;63;53;60;52;39;97;74;43;29.93;29.85;29.79;8
2/01/2017;73;64;52;62;54;44;100;79;38;29.96;29.85;29.75;8
3/01/2017;75;60;44;44;39;31;80;52;24;30.18;30.04;29.95;10
4/01/2017;48;42;37;31;28;24;68;58;48;30.24;30.13;29.97;10
5/01/2017;62;49;34;47;35;18;79;64;50;30.12;29.96;29.87;10
6/01/2017;34;29;23;18;15;13;60;55;49;30.6;30.31;30.12;10
7/01/2017;44;32;19;13;11;6;73;48;22;30.83;30.74;30.61;10
8/01/2017;53;37;21;32;18;11;81;50;19;30.78;30.64;30.49;10
9/01/2017;71;57;43;55;47;35;89;69;49;30.46;30.3;30.12;10
10/01/2017;79;69;59;58;56;53;90;66;42;30.09;30.02;29.96;10
11/01/2017;80;70;59;63;60;57;93;72;51;30.03;29.95;29.87;10
12/01/2017;81;74;67;65;63;59;87;70;52;30.16;30.04;29.95;10
13/01/2017;78;67;56;69;63;51;100;74;48;30.36;30.25;30.15;8
14/01/2017;56;52;47;51;50;46;100;92;83;30.41;30.33;30.27;3
15/01/2017;73;62;51;66;59;50;100;87;73;30.25;30.01;29.84;4
16/01/2017;70;64;58;61;56;51;97;78;58;30.05;29.97;29.91;9
17/01/2017;59;54;48;55;48;46;100;86;72;30.19;30.11;30.03;7
18/01/2017;56;52;47;52;48;46;100;93;86;30.13;30.09;29.99;8
19/01/2017;71;62;52;55;52;50;100;79;57;29.99;29.83;29.7;10
20/01/2017;76;62;47;55;50;46;93;66;38;29.84;29.74;29.65;9
21/01/2017;81;65;48;58;51;33;100;62;23;29.63;29.58;29.42;7
22/01/2017;70;62;53;42;34;27;47;38;28;29.99;29.75;29.56;10
23/01/2017;76;61;46;39;36;34;65;44;23;30.06;29.94;29.83;10
24/01/2017;84;67;50;64;51;36;87;62;37;29.8;29.71;29.61;10
25/01/2017;69;59;48;63;36;27;84;53;22;30.17;29.92;29.73;10
26/01/2017;59;50;40;30;27;24;64;46;28;30.37;30.27;30.17;10
27/01/2017;58;48;38;30;24;21;70;48;26;30.42;30.35;30.29;10
28/01/2017;61;50;39;37;31;21;82;52;22;30.43;30.35;30.27;10
29/01/2017;70;55;40;34;30;28;65;44;22;30.4;30.32;30.28;10
30/01/2017;79;63;47;35;30;26;61;38;15;30.29;30.19;30.1;10
31/01/2017;78;61;44;50;36;29;67;44;21;30.11;30.03;29.96;10
1/02/2017;82;67;51;59;52;45;100;68;35;30.09;29.98;29.89;8
2/02/2017;64;55;46;39;35;32;65;52;39;30.31;30.22;30.07;10
3/02/2017;53;49;45;37;34;31;61;57;53;30.44;30.37;30.29;10
4/02/2017;51;49;47;52;46;36;100;77;54;30.35;30.24;30.13;4
5/02/2017;72;62;51;64;59;51;100;89;78;30.13;30.06;29.98;6
6/02/2017;78;73;67;67;65;63;93;76;58;30;29.91;29.8;9
7/02/2017;86;71;56;66;54;36;100;59;17;29.86;29.8;29.73;8
8/02/2017;87;69;51;46;41;33;77;49;21;30.19;29.88;29.73;10
9/02/2017;68;56;43;37;31;28;54;39;24;30.38;30.28;30.19;10
10/02/2017;79;65;51;63;51;36;87;70;52;30.28;30.16;30.03;10
11/02/2017;86;76;66;67;64;62;93;71;48;30.05;29.99;29.91;8
12/02/2017;79;73;66;66;61;49;93;73;52;30.19;30.09;29.98;9
13/02/2017;78;71;63;64;55;42;84;63;42;30.18;30.05;29.86;10
14/02/2017;67;57;47;62;47;37;93;80;66;30.11;29.94;29.85;8
15/02/2017;65;54;43;38;33;27;82;53;24;30.22;30.16;30.12;10
16/02/2017;70;55;40;39;36;34;79;54;28;30.2;30.1;30;10
17/02/2017;77;64;50;60;50;41;93;67;41;29.98;29.85;29.73;10
18/02/2017;86;74;62;64;56;45;90;58;26;29.84;29.78;29.71;10
19/02/2017;81;71;61;68;66;59;90;76;62;29.96;29.84;29.77;7
20/02/2017;70;64;58;59;57;54;100;80;59;30.02;29.95;29.86;8
21/02/2017;82;67;52;55;43;37;100;61;21;30.03;29.97;29.92;10
22/02/2017;87;69;51;49;45;40;71;48;24;29.96;29.86;29.73;10
23/02/2017;90;73;55;60;49;42;73;50;26;29.73;29.64;29.52;10
24/02/2017;80;67;54;50;35;28;43;31;18;30.02;29.8;29.62;10
25/02/2017;63;54;44;33;28;22;58;42;25;30.25;30.13;30.04;10
26/02/2017;72;57;42;64;50;33;93;77;60;30.05;29.95;29.87;10
27/02/2017;82;74;66;66;65;64;93;76;58;29.98;29.92;29.85;8
28/02/2017;80;75;69;68;67;66;90;79;67;29.96;29.89;29.81;7
1/03/2017;73;64;54;67;45;23;93;59;24;30.29;30.08;29.86;9
2/03/2017;66;58;49;28;22;19;42;30;18;30.48;30.4;30.3;10
3/03/2017;71;56;40;38;29;24;70;45;19;30.57;30.48;30.43;10
4/03/2017;59;57;54;57;52;39;100;72;44;30.4;30.33;30.24;6
5/03/2017;75;66;57;65;60;57;100;84;68;30.23;30.11;29.99;6
6/03/2017;84;76;68;67;66;64;93;76;58;30.03;29.94;29.81;10
7/03/2017;77;69;61;67;51;34;93;61;29;30.29;30.12;29.94;10
8/03/2017;76;68;60;64;50;33;78;56;34;30.32;30.23;30.16;10
9/03/2017;80;74;67;66;64;59;93;79;64;30.19;30.13;30.01;10
10/03/2017;83;73;62;65;62;59;93;70;47;30.17;30.11;30.06;10
11/03/2017;66;64;61;64;62;59;100;94;87;30.14;30.09;30.01;6
12/03/2017;62;55;47;60;47;43;93;85;77;30.3;30.21;30.09;9
13/03/2017;70;58;48;52;48;46;100;85;44;30.24;30.14;30.06;6
14/03/2017;73;57;40;46;43;41;57;46;35;30.33;30.24;30.13;10
15/03/2017;75;62;49;54;49;44;86;64;41;30.34;30.26;30.2;9
16/03/2017;79;69;58;63;59;55;100;78;56;30.26;30.19;30.07;7
17/03/2017;83;74;65;64;62;61;87;69;51;30.18;30.12;30.06;10
18/03/2017;84;75;65;66;63;61;93;72;51;30.32;30.23;30.17;10
19/03/2017;85;75;65;65;62;59;93;69;44;30.28;30.2;30.12;10
20/03/2017;85;75;64;65;60;53;87;63;39;30.19;30.11;30.03;10
21/03/2017;85;74;63;63;61;59;93;70;47;30.14;30.06;29.98;10
22/03/2017;83;76;68;64;62;58;87;67;47;30.16;30.07;30;10
23/03/2017;85;75;65;63;59;43;87;56;24;30.11;30.02;29.91;10
24/03/2017;83;72;60;71;63;51;90;68;45;29.97;29.91;29.81;8
25/03/2017;84;69;53;51;46;41;71;48;25;30.09;29.97;29.89;10
26/03/2017;86;75;63;66;61;51;93;67;40;29.91;29.84;29.73;8
27/03/2017;86;78;70;67;66;65;90;73;55;29.92;29.83;29.78;9
28/03/2017;86;78;70;68;66;60;90;67;44;29.87;29.78;29.62;8
29/03/2017;84;72;60;68;56;42;100;62;24;29.89;29.76;29.64;8
30/03/2017;82;68;54;50;46;39;77;50;23;29.93;29.85;29.75;10
31/03/2017;86;71;55;59;53;48;80;56;32;29.83;29.76;29.7;10
1/04/2017;76;71;65;65;63;59;93;79;64;29.88;29.82;29.77;10
2/04/2017;77;67;57;67;61;51;93;74;54;29.85;29.75;29.65;7
3/04/2017;90;70;49;54;51;47;93;58;23;29.81;29.72;29.65;10
4/04/2017;89;75;60;62;55;50;72;52;32;29.75;29.67;29.6;10
5/04/2017;75;64;52;43;39;36;63;45;27;30.17;30.04;29.78;10
6/04/2017;79;64;49;47;43;40;77;52;27;30.29;30.21;30.16;10
7/04/2017;81;67;52;51;48;44;77;55;32;30.25;30.17;30.07;10
8/04/2017;82;69;56;62;58;52;93;72;51;30.09;29.99;29.89;10
9/04/2017;81;74;66;66;64;61;87;73;58;29.94;29.9;29.82;10
10/04/2017;80;76;71;73;69;65;90;82;74;30.05;29.98;29.89;8
11/04/2017;72;67;62;70;65;59;100;94;87;30.2;30.12;30;8
12/04/2017;78;70;61;65;61;59;97;79;60;30.22;30.16;30.1;10
13/04/2017;82;75;67;66;64;58;100;77;54;30.21;30.14;30.04;9
14/04/2017;84;75;65;64;62;57;93;69;45;30.15;30.07;29.97;10
15/04/2017;84;76;67;66;64;63;87;71;54;30.09;30.03;29.96;10
16/04/2017;84;77;69;68;66;65;90;73;55;30.06;30.01;29.95;10
17/04/2017;80;72;63;67;65;57;90;80;69;30.05;30;29.93;10
18/04/2017;82;72;61;65;62;58;90;73;55;30.04;30;29.95;10
19/04/2017;85;77;68;66;65;64;87;71;55;30.08;30.02;29.95;10
20/04/2017;88;79;70;68;67;65;90;73;55;30.07;30;29.91;10
21/04/2017;89;80;71;67;66;65;84;66;48;29.98;29.86;29.72;10
22/04/2017;73;65;57;67;55;44;86;69;52;30.16;29.99;29.78;10
23/04/2017;77;64;50;44;42;40;71;50;29;30.19;30.1;30;10
24/04/2017;82;65;48;54;49;44;86;61;35;30.02;29.87;29.7;10
25/04/2017;90;76;62;70;65;54;90;73;55;29.69;29.58;29.46;10
26/04/2017;91;77;62;70;57;37;84;51;17;29.76;29.56;29.41;10
27/04/2017;86;70;53;64;50;44;84;58;31;29.84;29.72;29.6;10
28/04/2017;95;83;70;72;68;63;84;64;43;29.65;29.58;29.5;9
29/04/2017;92;79;66;73;66;44;82;64;45;29.8;29.59;29.48;7
30/04/2017;78;65;52;54;44;35;63;43;22;29.98;29.89;29.81;10
1/05/2017;91;71;51;56;48;42;77;50;23;29.99;29.93;29.85;10
2/05/2017;92;77;62;63;56;47;84;57;30;29.98;29.9;29.82;10
3/05/2017;95;80;64;72;66;47;93;66;39;29.97;29.8;29.67;9
4/05/2017;79;70;60;47;43;39;60;43;25;30.12;30.03;29.95;10
5/05/2017;86;71;55;48;42;38;67;44;20;30.11;30.03;29.93;10
6/05/2017;91;73;54;53;49;46;77;52;27;30.02;29.95;29.88;10
7/05/2017;88;75;61;59;57;56;78;56;34;30;29.94;29.88;10
8/05/2017;84;74;64;63;61;58;87;66;45;30.03;29.97;29.92;10
9/05/2017;76;71;66;72;68;63;93;86;78;30.02;29.96;29.9;9
10/05/2017;83;77;71;70;68;66;90;76;62;29.98;29.91;29.86;9
11/05/2017;88;80;71;72;70;67;93;73;53;29.96;29.88;29.79;7
12/05/2017;88;76;63;70;57;50;93;61;29;29.96;29.9;29.83;9
13/05/2017;89;74;58;58;54;52;80;54;27;29.97;29.91;29.84;10
14/05/2017;93;78;62;65;61;58;90;63;36;29.96;29.89;29.83;10
15/05/2017;92;80;67;66;64;63;93;67;41;29.97;29.9;29.81;10
16/05/2017;86;78;70;69;67;65;90;74;57;29.89;29.8;29.7;10
17/05/2017;90;80;70;74;69;58;100;67;34;29.84;29.77;29.68;8
18/05/2017;94;84;73;73;71;65;94;72;49;29.82;29.75;29.66;8
19/05/2017;95;85;75;71;69;67;87;64;41;29.81;29.74;29.68;10
20/05/2017;84;75;66;71;67;65;93;77;61;29.99;29.89;29.77;9
21/05/2017;78;70;62;67;61;57;93;74;54;30.11;30.05;29.98;8
22/05/2017;77;69;61;65;62;58;93;81;69;30.1;29.99;29.89;10
23/05/2017;86;72;58;65;62;51;100;73;45;29.96;29.89;29.78;8
24/05/2017;87;72;56;55;49;43;86;54;21;29.95;29.83;29.7;10
25/05/2017;94;78;62;70;60;52;76;55;34;29.77;29.72;29.65;10
26/05/2017;92;84;75;75;72;70;87;70;52;29.89;29.81;29.74;10
27/05/2017;97;87;76;76;74;72;94;71;48;29.91;29.85;29.76;6
28/05/2017;94;80;66;73;71;62;93;73;52;29.98;29.87;29.77;9
29/05/2017;88;78;68;69;67;64;93;70;46;30.11;30;29.92;10
30/05/2017;88;78;68;68;66;63;90;68;45;30.07;30.02;29.97;10
31/05/2017;85;77;68;70;68;62;97;74;51;30.08;30.01;29.94;10
1/06/2017;89;78;67;71;68;65;97;75;53;30.04;29.95;29.86;10
2/06/2017;92;83;74;72;71;66;93;70;47;29.98;29.92;29.8;10
3/06/2017;92;82;71;73;71;65;94;69;44;29.96;29.9;29.81;10
4/06/2017;91;80;68;71;69;66;100;76;52;29.9;29.83;29.75;9
5/06/2017;90;78;66;70;68;65;100;72;44;29.79;29.74;29.68;9
6/06/2017;92;81;70;70;66;60;97;67;36;29.88;29.82;29.78;10
7/06/2017;95;83;70;68;62;54;84;55;26;29.94;29.9;29.86;10
8/06/2017;93;83;73;68;66;64;79;60;41;29.97;29.9;29.82;10
9/06/2017;90;82;74;71;69;65;87;69;50;29.93;29.87;29.78;10
10/06/2017;93;82;70;69;65;59;84;62;40;29.93;29.86;29.8;10
11/06/2017;93;83;73;70;68;62;87;62;36;29.96;29.9;29.82;10
12/06/2017;94;85;75;72;68;62;87;62;36;29.96;29.89;29.81;10
13/06/2017;98;87;76;73;71;68;88;63;38;29.94;29.87;29.8;10
14/06/2017;96;87;78;74;71;67;85;63;41;29.99;29.9;29.83;10
15/06/2017;99;88;76;74;71;67;94;65;35;29.99;29.92;29.82;10
16/06/2017;98;88;77;73;70;66;82;60;38;29.91;29.82;29.72;10
17/06/2017;101;89;77;75;72;68;85;61;36;29.81;29.73;29.64;10
18/06/2017;100;89;78;74;71;67;85;60;35;29.82;29.75;29.68;10
19/06/2017;92;84;76;74;72;68;94;72;49;30.03;29.92;29.82;10
20/06/2017;98;87;76;72;69;66;82;60;38;29.98;29.92;29.84;10
21/06/2017;97;86;75;72;64;53;82;54;26;29.9;29.79;29.68;10
22/06/2017;99;88;76;72;67;64;74;54;33;29.76;29.67;29.6;10
23/06/2017;104;91;78;75;72;68;91;63;35;29.88;29.76;29.68;10
24/06/2017;85;79;72;76;71;66;85;70;55;30.12;30.02;29.89;8
25/06/2017;90;83;75;74;71;67;87;67;47;30.19;30.11;30.05;10
26/06/2017;91;82;72;74;72;67;100;74;47;30.15;30.08;29.95;8
27/06/2017;91;81;71;74;72;67;100;75;50;30.05;30;29.9;7
28/06/2017;92;82;71;72;70;67;93;70;47;29.96;29.91;29.81;10
29/06/2017;99;87;75;75;73;70;94;68;42;29.91;29.85;29.77;10
30/06/2017;98;89;79;75;73;70;85;64;42;29.95;29.88;29.84;10
1/07/2017;98;89;79;76;72;66;85;62;38;30.13;30.02;29.92;9
2/07/2017;100;89;78;75;72;66;91;63;35;30.18;30.06;29.95;10
3/07/2017;99;88;76;74;71;67;88;62;35;30.09;30;29.89;10
4/07/2017;101;90;78;74;72;66;85;60;35;30.07;29.97;29.86;10
5/07/2017;99;89;78;74;70;60;85;58;31;30.12;30.01;29.92;10
6/07/2017;100;89;77;74;71;63;88;60;31;30.15;30.06;29.98;10
7/07/2017;99;87;75;74;71;65;88;61;33;30.13;30.05;29.98;10
8/07/2017;100;88;75;71;67;62;87;59;31;30.09;30.02;29.94;10
9/07/2017;101;89;77;71;67;60;82;56;29;30.04;29.99;29.91;10
10/07/2017;100;88;76;72;65;58;87;57;26;29.99;29.95;29.89;10
11/07/2017;101;89;77;73;69;58;88;58;27;30.05;29.96;29.87;10
12/07/2017;101;89;77;73;70;59;88;59;29;30.07;29.99;29.93;10
13/07/2017;102;90;77;74;70;63;88;59;29;30.15;30.06;29.97;10
14/07/2017;101;89;77;74;69;61;88;58;27;30.16;30.07;29.98;10
15/07/2017;103;87;71;73;70;63;100;65;29;30.07;30.01;29.94;9
16/07/2017;99;84;68;71;69;65;100;67;33;29.99;29.93;29.84;9
17/07/2017;98;88;77;75;71;66;88;63;38;29.94;29.9;29.84;10
18/07/2017;100;88;76;74;70;65;88;61;33;30.03;29.98;29.93;10
19/07/2017;101;89;77;74;70;63;88;60;31;30.17;30.07;29.99;10
20/07/2017;103;90;77;75;69;61;85;56;27;30.12;30.03;29.93;10
21/07/2017;104;91;77;74;68;61;85;56;27;30.01;29.95;29.86;10
22/07/2017;103;90;77;74;68;61;88;58;27;29.96;29.9;29.81;10
23/07/2017;103;90;77;74;71;66;85;58;31;29.93;29.88;29.82;10
24/07/2017;102;89;76;75;71;56;91;60;29;30.01;29.95;29.89;10
25/07/2017;103;91;78;75;71;63;91;61;31;30.11;30.03;29.95;10
26/07/2017;103;91;78;75;70;61;91;58;25;30.13;30.03;29.93;10
27/07/2017;103;89;75;71;67;61;82;54;25;30.04;29.97;29.88;10
28/07/2017;105;91;76;71;64;55;87;54;20;29.97;29.9;29.81;10
29/07/2017;107;92;77;72;64;55;82;51;19;29.91;29.86;29.79;10
30/07/2017;106;93;79;70;68;63;69;48;27;29.96;29.91;29.87;10
31/07/2017;99;88;77;66;61;54;64;43;22;30.04;29.97;29.91;10
